country,cannot_build
AAC,elephant_hunting_grounds hand_cannon_guild lacquerware_guild porcelain_guild
AAD,elephant_hunting_grounds hand_cannon_guild lacquerware_guild porcelain_guild
AAI,elephant_hunting_grounds hand_cannon_guild lacquerware_guild porcelain_guild
AAL,elephant_hunting_grounds hand_cannon_guild lacquerware_guild porcelain_guild
AAR,apothecary elephant_hunting_grounds lacquerware_guild porcelain_guild
ABA,elephant_hunting_grounds hand_cannon_guild lacquerware_guild porcelain_guild
ABV,elephant_hunting_grounds hand_cannon_guild lacquerware_guild porcelain_guild
ABW,elephant_hunting_grounds hand_cannon_guild lacquerware_guild porcelain_guild
ACA,RGO_building_alum RGO_building_coal RGO_building_horses RGO_building_iron RGO_building_saltpeter apothecary bog_iron_smelter elephant_hunting_grounds hand_cannon_guild lacquerware_guild local_smelters porcelain_guild
ACH,elephant_hunting_grounds hand_cannon_guild lacquerware_guild porcelain_guild
ACO,RGO_building_alum RGO_building_coal RGO_building_horses RGO_building_iron RGO_building_saltpeter apothecary bog_iron_smelter elephant_hunting_grounds hand_cannon_guild lacquerware_guild local_smelters paper_guild porcelain_guild scriptorium
ADG,elephant_hunting_grounds lacquerware_guild porcelain_guild
ADH,elephant_hunting_grounds hand_cannon_guild lacquerware_guild porcelain_guild
ADO,RGO_building_alum RGO_building_coal RGO_building_iron RGO_building_saltpeter bog_iron_smelter elephant_hunting_grounds hand_cannon_guild lacquerware_guild local_smelters porcelain_guild
AFA,elephant_hunting_grounds hand_cannon_guild lacquerware_guild porcelain_guild
AGC,elephant_hunting_grounds hand_cannon_guild lacquerware_guild porcelain_guild
AGH,elephant_hunting_grounds hand_cannon_guild lacquerware_guild porcelain_guild
AGN,elephant_hunting_grounds lacquerware_guild porcelain_guild
AHI,elephant_hunting_grounds hand_cannon_guild lacquerware_guild porcelain_guild
AHO,elephant_hunting_grounds hand_cannon_guild lacquerware_guild porcelain_guild
AHU,RGO_building_alum RGO_building_coal RGO_building_horses RGO_building_iron RGO_building_saltpeter apothecary bog_iron_smelter elephant_hunting_grounds hand_cannon_guild lacquerware_guild local_smelters porcelain_guild
AHY,elephant_hunting_grounds hand_cannon_guild lacquerware_guild porcelain_guild
AID,apothecary elephant_hunting_grounds lacquerware_guild porcelain_guild
AJC,RGO_building_alum RGO_building_coal RGO_building_horses RGO_building_iron RGO_building_saltpeter apothecary bog_iron_smelter elephant_hunting_grounds hand_cannon_guild lacquerware_guild local_smelters porcelain_guild
AJU,elephant_hunting_grounds hand_cannon_guild lacquerware_guild porcelain_guild
AKR,RGO_building_alum RGO_building_coal RGO_building_iron RGO_building_saltpeter bog_iron_smelter elephant_hunting_grounds hand_cannon_guild lacquerware_guild local_smelters porcelain_guild
ALB,elephant_hunting_grounds hand_cannon_guild lacquerware_guild porcelain_guild
ALE,elephant_hunting_grounds hand_cannon_guild lacquerware_guild porcelain_guild
ALI,elephant_hunting_grounds lacquerware_guild porcelain_guild
ALL,elephant_hunting_grounds hand_cannon_guild lacquerware_guild porcelain_guild
ALN,elephant_hunting_grounds hand_cannon_guild lacquerware_guild porcelain_guild
ALO,elephant_hunting_grounds hand_cannon_guild lacquerware_guild porcelain_guild
ALS,elephant_hunting_grounds hand_cannon_guild lacquerware_guild porcelain_guild
ALU,elephant_hunting_grounds hand_cannon_guild lacquerware_guild porcelain_guild
ALY,elephant_hunting_grounds hand_cannon_guild lacquerware_guild porcelain_guild
AMA,elephant_hunting_grounds hand_cannon_guild lacquerware_guild porcelain_guild
AMD,apothecary elephant_hunting_grounds lacquerware_guild porcelain_guild
AME,RGO_building_alum RGO_building_coal RGO_building_horses RGO_building_iron RGO_building_saltpeter apothecary bog_iron_smelter elephant_hunting_grounds hand_cannon_guild lacquerware_guild local_smelters porcelain_guild
AMG,elephant_hunting_grounds hand_cannon_guild lacquerware_guild porcelain_guild
AMH,apothecary elephant_hunting_grounds hand_cannon_guild lacquerware_guild porcelain_guild
AML,RGO_building_alum RGO_building_coal RGO_building_horses RGO_building_iron RGO_building_saltpeter apothecary bog_iron_smelter elephant_hunting_grounds hand_cannon_guild lacquerware_guild local_smelters porcelain_guild
AMP,RGO_building_alum RGO_building_coal RGO_building_horses RGO_building_iron RGO_building_saltpeter apothecary bog_iron_smelter elephant_hunting_grounds hand_cannon_guild lacquerware_guild local_smelters porcelain_guild
AMR,elephant_hunting_grounds hand_cannon_guild lacquerware_guild porcelain_guild
AMT,RGO_building_alum RGO_building_coal RGO_building_horses RGO_building_iron RGO_building_saltpeter apothecary bog_iron_smelter elephant_hunting_grounds hand_cannon_guild lacquerware_guild local_smelters porcelain_guild
ANB,elephant_hunting_grounds hand_cannon_guild lacquerware_guild porcelain_guild
ANC,elephant_hunting_grounds hand_cannon_guild lacquerware_guild porcelain_guild
ANG,elephant_hunting_grounds hand_cannon_guild lacquerware_guild porcelain_guild
ANH,elephant_hunting_grounds hand_cannon_guild lacquerware_guild porcelain_guild
ANI,RGO_building_alum RGO_building_coal RGO_building_horses RGO_building_iron RGO_building_saltpeter apothecary bog_iron_smelter elephant_hunting_grounds hand_cannon_guild lacquerware_guild local_smelters porcelain_guild
ANJ,elephant_hunting_grounds hand_cannon_guild lacquerware_guild porcelain_guild
ANN,apothecary elephant_hunting_grounds hand_cannon_guild lacquerware_guild porcelain_guild
ANR,elephant_hunting_grounds hand_cannon_guild lacquerware_guild porcelain_guild
ANS,elephant_hunting_grounds hand_cannon_guild lacquerware_guild porcelain_guild
ANT,elephant_hunting_grounds hand_cannon_guild lacquerware_guild porcelain_guild
ANZ,elephant_hunting_grounds hand_cannon_guild lacquerware_guild porcelain_guild
AOS,elephant_hunting_grounds hand_cannon_guild lacquerware_guild porcelain_guild
APD,elephant_hunting_grounds hand_cannon_guild lacquerware_guild porcelain_guild
APR,elephant_hunting_grounds hand_cannon_guild lacquerware_guild porcelain_guild
AQN,elephant_hunting_grounds hand_cannon_guild lacquerware_guild porcelain_guild
AQU,elephant_hunting_grounds hand_cannon_guild lacquerware_guild porcelain_guild
ARA,elephant_hunting_grounds hand_cannon_guild lacquerware_guild porcelain_guild
ARB,elephant_hunting_grounds hand_cannon_guild lacquerware_guild porcelain_guild
ARD,elephant_hunting_grounds hand_cannon_guild lacquerware_guild porcelain_guild
ARG,elephant_hunting_grounds hand_cannon_guild lacquerware_guild porcelain_guild
ARK,elephant_hunting_grounds hand_cannon_guild lacquerware_guild porcelain_guild
ARM,elephant_hunting_grounds hand_cannon_guild lacquerware_guild porcelain_guild
ARR,elephant_hunting_grounds hand_cannon_guild lacquerware_guild porcelain_guild
ARS,elephant_hunting_grounds hand_cannon_guild lacquerware_guild porcelain_guild
ART,elephant_hunting_grounds hand_cannon_guild lacquerware_guild porcelain_guild
ARU,elephant_hunting_grounds hand_cannon_guild lacquerware_guild porcelain_guild
ASC,elephant_hunting_grounds hand_cannon_guild lacquerware_guild porcelain_guild
ASD,elephant_hunting_grounds hand_cannon_guild lacquerware_guild porcelain_guild
ASR,elephant_hunting_grounds hand_cannon_guild lacquerware_guild porcelain_guild
AST,elephant_hunting_grounds hand_cannon_guild lacquerware_guild porcelain_guild
ASU,apothecary elephant_hunting_grounds lacquerware_guild porcelain_guild
ATH,elephant_hunting_grounds hand_cannon_guild lacquerware_guild porcelain_guild
ATI,elephant_hunting_grounds hand_cannon_guild lacquerware_guild porcelain_guild
ATJ,elephant_hunting_grounds hand_cannon_guild lacquerware_guild porcelain_guild
ATL,RGO_building_alum RGO_building_coal RGO_building_horses RGO_building_iron RGO_building_saltpeter apothecary bog_iron_smelter elephant_hunting_grounds hand_cannon_guild lacquerware_guild local_smelters porcelain_guild
ATO,RGO_building_alum RGO_building_coal RGO_building_horses RGO_building_iron RGO_building_saltpeter apothecary bog_iron_smelter elephant_hunting_grounds hand_cannon_guild lacquerware_guild local_smelters porcelain_guild
ATP,RGO_building_alum RGO_building_coal RGO_building_horses RGO_building_iron RGO_building_saltpeter apothecary bog_iron_smelter elephant_hunting_grounds hand_cannon_guild lacquerware_guild local_smelters porcelain_guild
ATQ,elephant_hunting_grounds hand_cannon_guild lacquerware_guild porcelain_guild
ATT,RGO_building_alum RGO_building_coal RGO_building_horses RGO_building_iron RGO_building_saltpeter apothecary bog_iron_smelter elephant_hunting_grounds hand_cannon_guild lacquerware_guild local_smelters porcelain_guild
ATZ,elephant_hunting_grounds hand_cannon_guild lacquerware_guild porcelain_guild
AUD,elephant_hunting_grounds hand_cannon_guild lacquerware_guild porcelain_guild
AUG,elephant_hunting_grounds hand_cannon_guild lacquerware_guild porcelain_guild
AUM,elephant_hunting_grounds hand_cannon_guild lacquerware_guild porcelain_guild
AUV,elephant_hunting_grounds hand_cannon_guild lacquerware_guild porcelain_guild
AUX,elephant_hunting_grounds hand_cannon_guild lacquerware_guild porcelain_guild
AVR,elephant_hunting_grounds hand_cannon_guild lacquerware_guild porcelain_guild
AWO,RGO_building_alum RGO_building_coal RGO_building_iron RGO_building_saltpeter bog_iron_smelter elephant_hunting_grounds hand_cannon_guild lacquerware_guild local_smelters porcelain_guild
AXC,RGO_building_alum RGO_building_coal RGO_building_horses RGO_building_iron RGO_building_saltpeter apothecary bog_iron_smelter elephant_hunting_grounds hand_cannon_guild lacquerware_guild local_smelters porcelain_guild
AXO,RGO_building_alum RGO_building_coal RGO_building_horses RGO_building_iron RGO_building_saltpeter apothecary bog_iron_smelter elephant_hunting_grounds hand_cannon_guild lacquerware_guild local_smelters porcelain_guild
AYA,RGO_building_alum RGO_building_coal RGO_building_horses RGO_building_iron RGO_building_saltpeter apothecary bog_iron_smelter elephant_hunting_grounds hand_cannon_guild lacquerware_guild local_smelters porcelain_guild
AYD,elephant_hunting_grounds hand_cannon_guild lacquerware_guild porcelain_guild
AYO,RGO_building_alum RGO_building_coal RGO_building_horses RGO_building_iron RGO_building_saltpeter apothecary bog_iron_smelter elephant_hunting_grounds hand_cannon_guild lacquerware_guild local_smelters porcelain_guild
AZF,elephant_hunting_grounds hand_cannon_guild lacquerware_guild porcelain_guild
AZL,RGO_building_alum RGO_building_coal RGO_building_horses RGO_building_iron RGO_building_saltpeter apothecary bog_iron_smelter elephant_hunting_grounds hand_cannon_guild lacquerware_guild local_smelters porcelain_guild
BAC,elephant_hunting_grounds hand_cannon_guild lacquerware_guild porcelain_guild
BAD,elephant_hunting_grounds hand_cannon_guild lacquerware_guild porcelain_guild
BAI,elephant_hunting_grounds hand_cannon_guild lacquerware_guild porcelain_guild
BAM,elephant_hunting_grounds hand_cannon_guild lacquerware_guild porcelain_guild
BAR,elephant_hunting_grounds hand_cannon_guild lacquerware_guild porcelain_guild
BAS,elephant_hunting_grounds hand_cannon_guild lacquerware_guild porcelain_guild
BAT,elephant_hunting_grounds lacquerware_guild porcelain_guild
BAY,apothecary elephant_hunting_grounds lacquerware_guild porcelain_guild
BBG,elephant_hunting_grounds hand_cannon_guild lacquerware_guild porcelain_guild
BBK,elephant_hunting_grounds hand_cannon_guild lacquerware_guild porcelain_guild
BCH,elephant_hunting_grounds hand_cannon_guild lacquerware_guild porcelain_guild
BDE,elephant_hunting_grounds hand_cannon_guild lacquerware_guild porcelain_guild
BDS,elephant_hunting_grounds hand_cannon_guild lacquerware_guild porcelain_guild
BEA,apothecary elephant_hunting_grounds hand_cannon_guild lacquerware_guild porcelain_guild
BEI,elephant_hunting_grounds hand_cannon_guild lacquerware_guild porcelain_guild
BEN,RGO_building_alum RGO_building_coal RGO_building_iron RGO_building_saltpeter bog_iron_smelter elephant_hunting_grounds hand_cannon_guild lacquerware_guild local_smelters porcelain_guild
BES,elephant_hunting_grounds hand_cannon_guild lacquerware_guild porcelain_guild
BFN,apothecary elephant_hunting_grounds hand_cannon_guild lacquerware_guild porcelain_guild
BFR,elephant_hunting_grounds hand_cannon_guild lacquerware_guild porcelain_guild
BGG,elephant_hunting_grounds hand_cannon_guild lacquerware_guild porcelain_guild
BGK,elephant_hunting_grounds hand_cannon_guild lacquerware_guild porcelain_guild
BGL,elephant_hunting_grounds hand_cannon_guild lacquerware_guild porcelain_guild
BGN,elephant_hunting_grounds hand_cannon_guild lacquerware_guild porcelain_guild
BGR,elephant_hunting_grounds hand_cannon_guild lacquerware_guild porcelain_guild
BGT,elephant_hunting_grounds lacquerware_guild porcelain_guild
BHA,elephant_hunting_grounds hand_cannon_guild lacquerware_guild porcelain_guild
BHD,elephant_hunting_grounds hand_cannon_guild lacquerware_guild porcelain_guild
BHL,elephant_hunting_grounds hand_cannon_guild lacquerware_guild porcelain_guild
BHM,elephant_hunting_grounds hand_cannon_guild lacquerware_guild porcelain_guild
BHP,elephant_hunting_grounds hand_cannon_guild lacquerware_guild porcelain_guild
BHT,elephant_hunting_grounds hand_cannon_guild lacquerware_guild porcelain_guild
BIA,elephant_hunting_grounds hand_cannon_guild lacquerware_guild porcelain_guild
BIB,elephant_hunting_grounds hand_cannon_guild lacquerware_guild porcelain_guild
BID,elephant_hunting_grounds hand_cannon_guild lacquerware_guild porcelain_guild
BIM,elephant_hunting_grounds hand_cannon_guild lacquerware_guild porcelain_guild
BIN,elephant_hunting_grounds hand_cannon_guild lacquerware_guild porcelain_guild
BIO,elephant_hunting_grounds hand_cannon_guild lacquerware_guild porcelain_guild
BIR,apothecary elephant_hunting_grounds lacquerware_guild porcelain_guild
BIT,elephant_hunting_grounds hand_cannon_guild lacquerware_guild porcelain_guild
BJG,elephant_hunting_grounds lacquerware_guild porcelain_guild
BKH,elephant_hunting_grounds hand_cannon_guild lacquerware_guild porcelain_guild
BKZ,elephant_hunting_grounds hand_cannon_guild lacquerware_guild porcelain_guild
BLA,elephant_hunting_grounds hand_cannon_guild lacquerware_guild porcelain_guild
BLB,elephant_hunting_grounds hand_cannon_guild lacquerware_guild porcelain_guild
BLD,elephant_hunting_grounds hand_cannon_guild lacquerware_guild porcelain_guild
BLE,elephant_hunting_grounds hand_cannon_guild lacquerware_guild porcelain_guild
BLG,elephant_hunting_grounds hand_cannon_guild lacquerware_guild porcelain_guild
BLI,elephant_hunting_grounds hand_cannon_guild lacquerware_guild porcelain_guild
BLL,elephant_hunting_grounds hand_cannon_guild lacquerware_guild porcelain_guild
BLM,elephant_hunting_grounds hand_cannon_guild lacquerware_guild porcelain_guild
BLN,elephant_hunting_grounds hand_cannon_guild lacquerware_guild porcelain_guild
BLO,elephant_hunting_grounds hand_cannon_guild lacquerware_guild porcelain_guild
BLS,elephant_hunting_grounds hand_cannon_guild lacquerware_guild porcelain_guild
BMB,elephant_hunting_grounds hand_cannon_guild lacquerware_guild porcelain_guild
BMK,elephant_hunting_grounds hand_cannon_guild lacquerware_guild porcelain_guild
BMP,elephant_hunting_grounds hand_cannon_guild lacquerware_guild porcelain_guild
BMR,elephant_hunting_grounds hand_cannon_guild lacquerware_guild porcelain_guild
BMS,elephant_hunting_grounds hand_cannon_guild lacquerware_guild porcelain_guild
BNA,elephant_hunting_grounds hand_cannon_guild lacquerware_guild porcelain_guild
BNB,elephant_hunting_grounds hand_cannon_guild lacquerware_guild porcelain_guild
BND,elephant_hunting_grounds hand_cannon_guild lacquerware_guild porcelain_guild
BNE,elephant_hunting_grounds hand_cannon_guild lacquerware_guild porcelain_guild
BNI,elephant_hunting_grounds lacquerware_guild porcelain_guild
BNL,elephant_hunting_grounds hand_cannon_guild lacquerware_guild porcelain_guild
BNT,elephant_hunting_grounds hand_cannon_guild lacquerware_guild porcelain_guild
BOD,elephant_hunting_grounds hand_cannon_guild lacquerware_guild porcelain_guild
BOH,elephant_hunting_grounds hand_cannon_guild lacquerware_guild porcelain_guild
BOL,elephant_hunting_grounds hand_cannon_guild lacquerware_guild porcelain_guild
BON,RGO_building_alum RGO_building_coal RGO_building_copper RGO_building_goods_gold RGO_building_horses RGO_building_iron RGO_building_lead RGO_building_legumes RGO_building_marble RGO_building_mercury RGO_building_saltpeter RGO_building_silver RGO_building_stone RGO_building_tin RGO_building_wheat apothecary bog_iron_smelter elephant_hunting_grounds hand_cannon_guild lacquerware_guild local_smelters paper_guild porcelain_guild scriptorium tools_guild weapon_guild windmill
BOR,RGO_building_alum RGO_building_coal RGO_building_copper RGO_building_goods_gold RGO_building_horses RGO_building_iron RGO_building_lead RGO_building_legumes RGO_building_marble RGO_building_mercury RGO_building_saltpeter RGO_building_silver RGO_building_stone RGO_building_tin RGO_building_wheat apothecary bog_iron_smelter elephant_hunting_grounds hand_cannon_guild lacquerware_guild local_smelters paper_guild porcelain_guild scriptorium tools_guild weapon_guild windmill
BOS,elephant_hunting_grounds hand_cannon_guild lacquerware_guild porcelain_guild
BOU,elephant_hunting_grounds hand_cannon_guild lacquerware_guild porcelain_guild
BOW,elephant_hunting_grounds hand_cannon_guild lacquerware_guild porcelain_guild
BPR,elephant_hunting_grounds hand_cannon_guild lacquerware_guild porcelain_guild
BQA,elephant_hunting_grounds hand_cannon_guild lacquerware_guild porcelain_guild
BQL,elephant_hunting_grounds hand_cannon_guild lacquerware_guild porcelain_guild
BRA,elephant_hunting_grounds hand_cannon_guild lacquerware_guild porcelain_guild
BRB,elephant_hunting_grounds hand_cannon_guild lacquerware_guild porcelain_guild
BRC,elephant_hunting_grounds hand_cannon_guild lacquerware_guild porcelain_guild
BRE,elephant_hunting_grounds hand_cannon_guild lacquerware_guild porcelain_guild
BRG,elephant_hunting_grounds hand_cannon_guild lacquerware_guild porcelain_guild
BRI,elephant_hunting_grounds hand_cannon_guild lacquerware_guild porcelain_guild
BRL,elephant_hunting_grounds hand_cannon_guild lacquerware_guild porcelain_guild
BRM,elephant_hunting_grounds hand_cannon_guild lacquerware_guild porcelain_guild
BRN,elephant_hunting_grounds hand_cannon_guild lacquerware_guild porcelain_guild
BRO,elephant_hunting_grounds hand_cannon_guild lacquerware_guild porcelain_guild
BRR,elephant_hunting_grounds hand_cannon_guild lacquerware_guild porcelain_guild
BRU,elephant_hunting_grounds hand_cannon_guild lacquerware_guild porcelain_guild
BRY,elephant_hunting_grounds hand_cannon_guild lacquerware_guild porcelain_guild
BRZ,elephant_hunting_grounds hand_cannon_guild lacquerware_guild porcelain_guild
BSC,elephant_hunting_grounds hand_cannon_guild lacquerware_guild porcelain_guild
BSD,elephant_hunting_grounds hand_cannon_guild lacquerware_guild porcelain_guild
BSK,elephant_hunting_grounds hand_cannon_guild lacquerware_guild porcelain_guild
BSM,RGO_building_alum RGO_building_coal RGO_building_copper RGO_building_goods_gold RGO_building_horses RGO_building_iron RGO_building_lead RGO_building_legumes RGO_building_marble RGO_building_mercury RGO_building_saltpeter RGO_building_silver RGO_building_stone RGO_building_tin RGO_building_wheat apothecary bog_iron_smelter elephant_hunting_grounds hand_cannon_guild lacquerware_guild local_smelters paper_guild porcelain_guild scriptorium tools_guild weapon_guild windmill
BSP,elephant_hunting_grounds hand_cannon_guild lacquerware_guild porcelain_guild
BST,elephant_hunting_grounds hand_cannon_guild lacquerware_guild porcelain_guild
BTE,elephant_hunting_grounds hand_cannon_guild lacquerware_guild porcelain_guild
BTG,apothecary elephant_hunting_grounds lacquerware_guild porcelain_guild
BTL,elephant_hunting_grounds hand_cannon_guild lacquerware_guild porcelain_guild
BTN,elephant_hunting_grounds hand_cannon_guild lacquerware_guild porcelain_guild
BTU,elephant_hunting_grounds hand_cannon_guild lacquerware_guild porcelain_guild
BUD,elephant_hunting_grounds hand_cannon_guild lacquerware_guild porcelain_guild
BUG,RGO_building_alum RGO_building_coal RGO_building_horses RGO_building_iron RGO_building_saltpeter bog_iron_smelter elephant_hunting_grounds hand_cannon_guild lacquerware_guild local_smelters porcelain_guild
BUL,elephant_hunting_grounds hand_cannon_guild lacquerware_guild porcelain_guild
BUR,elephant_hunting_grounds hand_cannon_guild lacquerware_guild porcelain_guild
BUS,elephant_hunting_grounds hand_cannon_guild lacquerware_guild porcelain_guild
BWL,elephant_hunting_grounds hand_cannon_guild lacquerware_guild porcelain_guild
BXN,elephant_hunting_grounds hand_cannon_guild lacquerware_guild porcelain_guild
BYM,elephant_hunting_grounds hand_cannon_guild lacquerware_guild porcelain_guild
BYZ,elephant_hunting_grounds hand_cannon_guild lacquerware_guild porcelain_guild
BZH,elephant_hunting_grounds lacquerware_guild porcelain_guild
BZN,elephant_hunting_grounds hand_cannon_guild lacquerware_guild porcelain_guild
BZU,elephant_hunting_grounds
CAB,elephant_hunting_grounds hand_cannon_guild lacquerware_guild porcelain_guild
CAM,elephant_hunting_grounds hand_cannon_guild lacquerware_guild porcelain_guild
CAS,elephant_hunting_grounds hand_cannon_guild lacquerware_guild porcelain_guild
CAU,RGO_building_alum RGO_building_coal RGO_building_horses RGO_building_iron RGO_building_saltpeter apothecary bog_iron_smelter elephant_hunting_grounds hand_cannon_guild lacquerware_guild local_smelters porcelain_guild
CAV,RGO_building_alum RGO_building_coal RGO_building_horses RGO_building_iron RGO_building_saltpeter apothecary bog_iron_smelter elephant_hunting_grounds hand_cannon_guild lacquerware_guild local_smelters porcelain_guild
CBH,elephant_hunting_grounds hand_cannon_guild lacquerware_guild porcelain_guild
CBK,elephant_hunting_grounds hand_cannon_guild lacquerware_guild porcelain_guild
CCL,RGO_building_alum RGO_building_coal RGO_building_horses RGO_building_iron RGO_building_saltpeter apothecary bog_iron_smelter elephant_hunting_grounds hand_cannon_guild lacquerware_guild local_smelters porcelain_guild
CCN,RGO_building_alum RGO_building_coal RGO_building_horses RGO_building_iron RGO_building_saltpeter apothecary bog_iron_smelter elephant_hunting_grounds hand_cannon_guild lacquerware_guild local_smelters porcelain_guild
CCP,RGO_building_alum RGO_building_coal RGO_building_horses RGO_building_iron RGO_building_saltpeter apothecary bog_iron_smelter elephant_hunting_grounds hand_cannon_guild lacquerware_guild local_smelters porcelain_guild
CDC,elephant_hunting_grounds hand_cannon_guild lacquerware_guild porcelain_guild
CDD,elephant_hunting_grounds hand_cannon_guild lacquerware_guild porcelain_guild
CDL,elephant_hunting_grounds
CEB,elephant_hunting_grounds hand_cannon_guild lacquerware_guild porcelain_guild
CEM,elephant_hunting_grounds hand_cannon_guild lacquerware_guild porcelain_guild
CEP,elephant_hunting_grounds hand_cannon_guild lacquerware_guild porcelain_guild
CER,elephant_hunting_grounds hand_cannon_guild lacquerware_guild porcelain_guild
CES,elephant_hunting_grounds hand_cannon_guild lacquerware_guild porcelain_guild
CET,elephant_hunting_grounds hand_cannon_guild lacquerware_guild porcelain_guild
CEV,elephant_hunting_grounds hand_cannon_guild lacquerware_guild porcelain_guild
CFC,elephant_hunting_grounds hand_cannon_guild lacquerware_guild porcelain_guild
CGZ,elephant_hunting_grounds lacquerware_guild porcelain_guild
CHA,elephant_hunting_grounds hand_cannon_guild lacquerware_guild porcelain_guild
CHD,elephant_hunting_grounds hand_cannon_guild lacquerware_guild porcelain_guild
CHG,elephant_hunting_grounds hand_cannon_guild lacquerware_guild porcelain_guild
CHH,elephant_hunting_grounds
CHI,elephant_hunting_grounds
CHJ,RGO_building_alum RGO_building_coal RGO_building_horses RGO_building_iron RGO_building_saltpeter apothecary bog_iron_smelter elephant_hunting_grounds hand_cannon_guild lacquerware_guild local_smelters porcelain_guild
CHK,RGO_building_alum RGO_building_coal RGO_building_horses RGO_building_iron RGO_building_saltpeter apothecary bog_iron_smelter elephant_hunting_grounds hand_cannon_guild lacquerware_guild local_smelters paper_guild porcelain_guild scriptorium
CHL,elephant_hunting_grounds hand_cannon_guild lacquerware_guild porcelain_guild
CHM,RGO_building_alum RGO_building_coal RGO_building_horses RGO_building_iron RGO_building_saltpeter apothecary bog_iron_smelter elephant_hunting_grounds hand_cannon_guild lacquerware_guild local_smelters porcelain_guild
CHN,elephant_hunting_grounds hand_cannon_guild lacquerware_guild porcelain_guild
CHR,elephant_hunting_grounds hand_cannon_guild lacquerware_guild porcelain_guild
CHT,RGO_building_alum RGO_building_coal RGO_building_horses RGO_building_iron RGO_building_saltpeter apothecary bog_iron_smelter elephant_hunting_grounds hand_cannon_guild lacquerware_guild local_smelters porcelain_guild
CHX,elephant_hunting_grounds hand_cannon_guild lacquerware_guild porcelain_guild
CHZ,elephant_hunting_grounds lacquerware_guild porcelain_guild
CIC,RGO_building_alum RGO_building_coal RGO_building_horses RGO_building_iron RGO_building_saltpeter apothecary bog_iron_smelter elephant_hunting_grounds hand_cannon_guild lacquerware_guild local_smelters porcelain_guild
CIH,RGO_building_alum RGO_building_coal RGO_building_horses RGO_building_iron RGO_building_saltpeter apothecary bog_iron_smelter elephant_hunting_grounds hand_cannon_guild lacquerware_guild local_smelters porcelain_guild
CIL,elephant_hunting_grounds hand_cannon_guild lacquerware_guild porcelain_guild
CIN,elephant_hunting_grounds hand_cannon_guild lacquerware_guild porcelain_guild
CJK,elephant_hunting_grounds hand_cannon_guild lacquerware_guild porcelain_guild
CKL,apothecary elephant_hunting_grounds lacquerware_guild porcelain_guild
CKP,RGO_building_alum RGO_building_coal RGO_building_horses RGO_building_iron RGO_building_saltpeter apothecary bog_iron_smelter elephant_hunting_grounds hand_cannon_guild lacquerware_guild local_smelters porcelain_guild
CLA,apothecary elephant_hunting_grounds hand_cannon_guild lacquerware_guild porcelain_guild
CLC,RGO_building_alum RGO_building_coal RGO_building_horses RGO_building_iron RGO_building_saltpeter apothecary bog_iron_smelter elephant_hunting_grounds hand_cannon_guild lacquerware_guild local_smelters porcelain_guild
CLE,elephant_hunting_grounds lacquerware_guild porcelain_guild
CLI,elephant_hunting_grounds hand_cannon_guild lacquerware_guild porcelain_guild
CLL,RGO_building_alum RGO_building_coal RGO_building_horses RGO_building_iron RGO_building_saltpeter apothecary bog_iron_smelter elephant_hunting_grounds hand_cannon_guild lacquerware_guild local_smelters porcelain_guild
CLM,RGO_building_alum RGO_building_coal RGO_building_horses RGO_building_iron RGO_building_saltpeter apothecary bog_iron_smelter elephant_hunting_grounds hand_cannon_guild lacquerware_guild local_smelters porcelain_guild
CLP,RGO_building_alum RGO_building_coal RGO_building_horses RGO_building_iron RGO_building_saltpeter apothecary bog_iron_smelter elephant_hunting_grounds hand_cannon_guild lacquerware_guild local_smelters porcelain_guild
CLQ,RGO_building_alum RGO_building_coal RGO_building_horses RGO_building_iron RGO_building_saltpeter apothecary bog_iron_smelter elephant_hunting_grounds hand_cannon_guild lacquerware_guild local_smelters porcelain_guild
CLR,elephant_hunting_grounds hand_cannon_guild lacquerware_guild porcelain_guild
CLT,elephant_hunting_grounds hand_cannon_guild lacquerware_guild porcelain_guild
CMA,apothecary elephant_hunting_grounds hand_cannon_guild lacquerware_guild porcelain_guild
CMN,elephant_hunting_grounds hand_cannon_guild lacquerware_guild porcelain_guild
CMR,elephant_hunting_grounds hand_cannon_guild lacquerware_guild porcelain_guild
CMS,elephant_hunting_grounds hand_cannon_guild lacquerware_guild porcelain_guild
CNC,RGO_building_alum RGO_building_coal RGO_building_horses RGO_building_iron RGO_building_saltpeter apothecary bog_iron_smelter elephant_hunting_grounds hand_cannon_guild lacquerware_guild local_smelters porcelain_guild
CND,elephant_hunting_grounds hand_cannon_guild lacquerware_guild porcelain_guild
CNL,RGO_building_alum RGO_building_coal RGO_building_horses RGO_building_iron RGO_building_saltpeter apothecary bog_iron_smelter elephant_hunting_grounds hand_cannon_guild lacquerware_guild local_smelters porcelain_guild
CNN,apothecary elephant_hunting_grounds hand_cannon_guild lacquerware_guild porcelain_guild
CNT,elephant_hunting_grounds hand_cannon_guild lacquerware_guild porcelain_guild
CNV,elephant_hunting_grounds hand_cannon_guild lacquerware_guild porcelain_guild
COC,RGO_building_alum RGO_building_coal RGO_building_horses RGO_building_iron RGO_building_saltpeter apothecary bog_iron_smelter elephant_hunting_grounds hand_cannon_guild lacquerware_guild local_smelters porcelain_guild
COG,elephant_hunting_grounds lacquerware_guild porcelain_guild
COI,RGO_building_alum RGO_building_coal RGO_building_horses RGO_building_iron RGO_building_saltpeter apothecary bog_iron_smelter elephant_hunting_grounds hand_cannon_guild lacquerware_guild local_smelters porcelain_guild
COM,elephant_hunting_grounds hand_cannon_guild lacquerware_guild porcelain_guild
CON,RGO_building_alum RGO_building_coal RGO_building_horses RGO_building_iron RGO_building_saltpeter apothecary bog_iron_smelter elephant_hunting_grounds hand_cannon_guild lacquerware_guild local_smelters porcelain_guild
COT,elephant_hunting_grounds hand_cannon_guild lacquerware_guild porcelain_guild
CPA,elephant_hunting_grounds hand_cannon_guild lacquerware_guild porcelain_guild
CPN,RGO_building_alum RGO_building_coal RGO_building_horses RGO_building_iron RGO_building_saltpeter apothecary bog_iron_smelter elephant_hunting_grounds hand_cannon_guild lacquerware_guild local_smelters porcelain_guild
CRA,RGO_building_alum RGO_building_coal RGO_building_copper RGO_building_goods_gold RGO_building_horses RGO_building_iron RGO_building_lead RGO_building_legumes RGO_building_marble RGO_building_mercury RGO_building_saltpeter RGO_building_silver RGO_building_stone RGO_building_tin RGO_building_wheat apothecary bog_iron_smelter elephant_hunting_grounds hand_cannon_guild lacquerware_guild local_smelters paper_guild porcelain_guild scriptorium tools_guild weapon_guild windmill
CRK,RGO_building_alum RGO_building_coal RGO_building_horses RGO_building_iron RGO_building_saltpeter apothecary bog_iron_smelter elephant_hunting_grounds hand_cannon_guild lacquerware_guild local_smelters porcelain_guild
CRL,RGO_building_alum RGO_building_coal RGO_building_iron RGO_building_saltpeter bog_iron_smelter elephant_hunting_grounds hand_cannon_guild lacquerware_guild local_smelters porcelain_guild
CRO,elephant_hunting_grounds hand_cannon_guild lacquerware_guild porcelain_guild
CRR,elephant_hunting_grounds hand_cannon_guild lacquerware_guild porcelain_guild
CRS,elephant_hunting_grounds lacquerware_guild porcelain_guild
CRT,elephant_hunting_grounds hand_cannon_guild lacquerware_guild porcelain_guild
CSM,RGO_building_alum RGO_building_coal RGO_building_horses RGO_building_iron RGO_building_saltpeter apothecary bog_iron_smelter elephant_hunting_grounds hand_cannon_guild lacquerware_guild local_smelters porcelain_guild
CSU,RGO_building_alum RGO_building_coal RGO_building_horses RGO_building_iron RGO_building_saltpeter apothecary bog_iron_smelter elephant_hunting_grounds hand_cannon_guild lacquerware_guild local_smelters porcelain_guild
CTC,RGO_building_alum RGO_building_coal RGO_building_horses RGO_building_iron RGO_building_saltpeter apothecary bog_iron_smelter elephant_hunting_grounds hand_cannon_guild lacquerware_guild local_smelters porcelain_guild
CTE,RGO_building_alum RGO_building_coal RGO_building_horses RGO_building_iron RGO_building_saltpeter apothecary bog_iron_smelter elephant_hunting_grounds hand_cannon_guild lacquerware_guild local_smelters porcelain_guild
CTL,RGO_building_alum RGO_building_coal RGO_building_horses RGO_building_iron RGO_building_saltpeter apothecary bog_iron_smelter elephant_hunting_grounds hand_cannon_guild lacquerware_guild local_smelters porcelain_guild
CTM,RGO_building_alum RGO_building_coal RGO_building_horses RGO_building_iron RGO_building_saltpeter apothecary bog_iron_smelter elephant_hunting_grounds hand_cannon_guild lacquerware_guild local_smelters porcelain_guild
CTR,RGO_building_alum RGO_building_coal RGO_building_iron RGO_building_saltpeter bog_iron_smelter elephant_hunting_grounds hand_cannon_guild lacquerware_guild local_smelters porcelain_guild
CTX,RGO_building_alum RGO_building_coal RGO_building_horses RGO_building_iron RGO_building_saltpeter apothecary bog_iron_smelter elephant_hunting_grounds hand_cannon_guild lacquerware_guild local_smelters porcelain_guild
CTZ,RGO_building_alum RGO_building_coal RGO_building_horses RGO_building_iron RGO_building_saltpeter apothecary bog_iron_smelter elephant_hunting_grounds hand_cannon_guild lacquerware_guild local_smelters porcelain_guild
CUI,RGO_building_alum RGO_building_coal RGO_building_horses RGO_building_iron RGO_building_saltpeter apothecary bog_iron_smelter elephant_hunting_grounds hand_cannon_guild lacquerware_guild local_smelters porcelain_guild
CUL,RGO_building_alum RGO_building_coal RGO_building_horses RGO_building_iron RGO_building_saltpeter apothecary bog_iron_smelter elephant_hunting_grounds hand_cannon_guild lacquerware_guild local_smelters porcelain_guild
CUO,RGO_building_alum RGO_building_coal RGO_building_horses RGO_building_iron RGO_building_saltpeter apothecary bog_iron_smelter elephant_hunting_grounds hand_cannon_guild lacquerware_guild local_smelters porcelain_guild
CUT,elephant_hunting_grounds hand_cannon_guild lacquerware_guild porcelain_guild
CUU,RGO_building_alum RGO_building_coal RGO_building_horses RGO_building_iron RGO_building_saltpeter apothecary bog_iron_smelter elephant_hunting_grounds hand_cannon_guild lacquerware_guild local_smelters porcelain_guild
CUZ,RGO_building_alum RGO_building_coal RGO_building_horses RGO_building_iron RGO_building_saltpeter apothecary bog_iron_smelter elephant_hunting_grounds hand_cannon_guild lacquerware_guild local_smelters porcelain_guild
CVN,apothecary elephant_hunting_grounds hand_cannon_guild lacquerware_guild porcelain_guild
CWM,elephant_hunting_grounds hand_cannon_guild lacquerware_guild porcelain_guild
CYA,RGO_building_alum RGO_building_coal RGO_building_horses RGO_building_iron RGO_building_saltpeter apothecary bog_iron_smelter elephant_hunting_grounds hand_cannon_guild lacquerware_guild local_smelters porcelain_guild
CYP,elephant_hunting_grounds hand_cannon_guild lacquerware_guild porcelain_guild
CZK,elephant_hunting_grounds hand_cannon_guild lacquerware_guild porcelain_guild
CZL,RGO_building_alum RGO_building_coal RGO_building_horses RGO_building_iron RGO_building_saltpeter apothecary bog_iron_smelter elephant_hunting_grounds hand_cannon_guild lacquerware_guild local_smelters porcelain_guild
DAA,RGO_building_alum RGO_building_coal RGO_building_iron RGO_building_saltpeter bog_iron_smelter elephant_hunting_grounds hand_cannon_guild lacquerware_guild local_smelters porcelain_guild
DAI,elephant_hunting_grounds hand_cannon_guild lacquerware_guild porcelain_guild
DAJ,elephant_hunting_grounds hand_cannon_guild lacquerware_guild porcelain_guild
DAM,elephant_hunting_grounds hand_cannon_guild lacquerware_guild porcelain_guild
DAN,elephant_hunting_grounds hand_cannon_guild lacquerware_guild porcelain_guild
DAU,elephant_hunting_grounds hand_cannon_guild lacquerware_guild porcelain_guild
DAW,elephant_hunting_grounds hand_cannon_guild lacquerware_guild porcelain_guild
DBD,elephant_hunting_grounds hand_cannon_guild lacquerware_guild porcelain_guild
DBE,elephant_hunting_grounds hand_cannon_guild lacquerware_guild porcelain_guild
DCI,elephant_hunting_grounds hand_cannon_guild lacquerware_guild porcelain_guild
DCN,elephant_hunting_grounds lacquerware_guild porcelain_guild
DEN,elephant_hunting_grounds hand_cannon_guild lacquerware_guild porcelain_guild
DFN,elephant_hunting_grounds hand_cannon_guild lacquerware_guild porcelain_guild
DGB,RGO_building_alum RGO_building_coal RGO_building_copper RGO_building_goods_gold RGO_building_horses RGO_building_iron RGO_building_lead RGO_building_legumes RGO_building_marble RGO_building_mercury RGO_building_saltpeter RGO_building_silver RGO_building_stone RGO_building_tin RGO_building_wheat apothecary bog_iron_smelter elephant_hunting_grounds hand_cannon_guild lacquerware_guild local_smelters paper_guild porcelain_guild scriptorium tools_guild weapon_guild windmill
DGE,elephant_hunting_grounds hand_cannon_guild lacquerware_guild porcelain_guild
DGH,elephant_hunting_grounds lacquerware_guild porcelain_guild
DGL,elephant_hunting_grounds hand_cannon_guild lacquerware_guild porcelain_guild
DGR,elephant_hunting_grounds hand_cannon_guild lacquerware_guild porcelain_guild
DHF,elephant_hunting_grounds hand_cannon_guild lacquerware_guild porcelain_guild
DHK,elephant_hunting_grounds hand_cannon_guild lacquerware_guild porcelain_guild
DHM,elephant_hunting_grounds hand_cannon_guild lacquerware_guild porcelain_guild
DHU,elephant_hunting_grounds hand_cannon_guild lacquerware_guild porcelain_guild
DIE,elephant_hunting_grounds hand_cannon_guild lacquerware_guild porcelain_guild
DIL,elephant_hunting_grounds hand_cannon_guild lacquerware_guild porcelain_guild
DIM,elephant_hunting_grounds hand_cannon_guild lacquerware_guild porcelain_guild
DIS,elephant_hunting_grounds hand_cannon_guild lacquerware_guild porcelain_guild
DIT,apothecary elephant_hunting_grounds hand_cannon_guild lacquerware_guild porcelain_guild
DJE,elephant_hunting_grounds hand_cannon_guild lacquerware_guild porcelain_guild
DLA,apothecary elephant_hunting_grounds lacquerware_guild porcelain_guild
DLH,elephant_hunting_grounds hand_cannon_guild lacquerware_guild porcelain_guild
DLN,elephant_hunting_grounds lacquerware_guild porcelain_guild
DMB,elephant_hunting_grounds hand_cannon_guild lacquerware_guild porcelain_guild
DMI,elephant_hunting_grounds hand_cannon_guild lacquerware_guild porcelain_guild
DML,elephant_hunting_grounds hand_cannon_guild lacquerware_guild porcelain_guild
DMS,elephant_hunting_grounds hand_cannon_guild lacquerware_guild porcelain_guild
DNB,elephant_hunting_grounds hand_cannon_guild lacquerware_guild porcelain_guild
DOG,elephant_hunting_grounds hand_cannon_guild lacquerware_guild porcelain_guild
DOM,elephant_hunting_grounds hand_cannon_guild lacquerware_guild porcelain_guild
DPH,elephant_hunting_grounds hand_cannon_guild lacquerware_guild porcelain_guild
DRE,elephant_hunting_grounds hand_cannon_guild lacquerware_guild porcelain_guild
DRG,elephant_hunting_grounds lacquerware_guild porcelain_guild
DRP,elephant_hunting_grounds hand_cannon_guild lacquerware_guild porcelain_guild
DRU,elephant_hunting_grounds hand_cannon_guild lacquerware_guild porcelain_guild
DRW,elephant_hunting_grounds hand_cannon_guild lacquerware_guild porcelain_guild
DSN,elephant_hunting_grounds hand_cannon_guild lacquerware_guild porcelain_guild
DTI,elephant_hunting_grounds hand_cannon_guild lacquerware_guild porcelain_guild
DTM,elephant_hunting_grounds hand_cannon_guild lacquerware_guild porcelain_guild
DUL,elephant_hunting_grounds hand_cannon_guild lacquerware_guild porcelain_guild
DUN,elephant_hunting_grounds hand_cannon_guild lacquerware_guild porcelain_guild
DWG,elephant_hunting_grounds lacquerware_guild porcelain_guild
DWS,elephant_hunting_grounds hand_cannon_guild lacquerware_guild porcelain_guild
DYG,elephant_hunting_grounds
DYN,elephant_hunting_grounds lacquerware_guild porcelain_guild
DZH,elephant_hunting_grounds lacquerware_guild porcelain_guild
DZK,elephant_hunting_grounds hand_cannon_guild lacquerware_guild porcelain_guild
EGL,elephant_hunting_grounds hand_cannon_guild lacquerware_guild porcelain_guild
EIC,elephant_hunting_grounds hand_cannon_guild lacquerware_guild porcelain_guild
EJI,apothecary elephant_hunting_grounds lacquerware_guild porcelain_guild
ELA,elephant_hunting_grounds hand_cannon_guild lacquerware_guild porcelain_guild
ELL,elephant_hunting_grounds hand_cannon_guild lacquerware_guild porcelain_guild
ELY,apothecary elephant_hunting_grounds hand_cannon_guild lacquerware_guild porcelain_guild
ENG,elephant_hunting_grounds hand_cannon_guild lacquerware_guild porcelain_guild
ENN,elephant_hunting_grounds hand_cannon_guild lacquerware_guild porcelain_guild
EPI,elephant_hunting_grounds hand_cannon_guild lacquerware_guild porcelain_guild
ERB,elephant_hunting_grounds hand_cannon_guild lacquerware_guild porcelain_guild
ERE,elephant_hunting_grounds hand_cannon_guild lacquerware_guild porcelain_guild
ERF,elephant_hunting_grounds hand_cannon_guild lacquerware_guild porcelain_guild
ERM,elephant_hunting_grounds hand_cannon_guild lacquerware_guild porcelain_guild
ESS,elephant_hunting_grounds hand_cannon_guild lacquerware_guild porcelain_guild
ETA,elephant_hunting_grounds hand_cannon_guild lacquerware_guild porcelain_guild
ETH,elephant_hunting_grounds hand_cannon_guild lacquerware_guild porcelain_guild
ETZ,RGO_building_alum RGO_building_coal RGO_building_horses RGO_building_iron RGO_building_saltpeter apothecary bog_iron_smelter elephant_hunting_grounds hand_cannon_guild lacquerware_guild local_smelters porcelain_guild
EVR,elephant_hunting_grounds hand_cannon_guild lacquerware_guild porcelain_guild
EVS,elephant_hunting_grounds hand_cannon_guild lacquerware_guild porcelain_guild
EWY,elephant_hunting_grounds hand_cannon_guild lacquerware_guild porcelain_guild
FAE,elephant_hunting_grounds hand_cannon_guild lacquerware_guild porcelain_guild
FAL,elephant_hunting_grounds hand_cannon_guild lacquerware_guild porcelain_guild
FBG,elephant_hunting_grounds hand_cannon_guild lacquerware_guild porcelain_guild
FCB,elephant_hunting_grounds hand_cannon_guild lacquerware_guild porcelain_guild
FCL,apothecary elephant_hunting_grounds hand_cannon_guild lacquerware_guild porcelain_guild
FDL,elephant_hunting_grounds hand_cannon_guild lacquerware_guild porcelain_guild
FEO,elephant_hunting_grounds hand_cannon_guild lacquerware_guild porcelain_guild
FER,elephant_hunting_grounds hand_cannon_guild lacquerware_guild porcelain_guild
FLA,elephant_hunting_grounds hand_cannon_guild lacquerware_guild porcelain_guild
FLD,elephant_hunting_grounds hand_cannon_guild lacquerware_guild porcelain_guild
FLK,elephant_hunting_grounds hand_cannon_guild lacquerware_guild porcelain_guild
FLN,apothecary elephant_hunting_grounds lacquerware_guild porcelain_guild
FLO,elephant_hunting_grounds hand_cannon_guild lacquerware_guild porcelain_guild
FLY,apothecary elephant_hunting_grounds hand_cannon_guild lacquerware_guild porcelain_guild
FMA,apothecary elephant_hunting_grounds hand_cannon_guild lacquerware_guild porcelain_guild
FMB,elephant_hunting_grounds hand_cannon_guild lacquerware_guild porcelain_guild
FMN,elephant_hunting_grounds hand_cannon_guild lacquerware_guild porcelain_guild
FOI,elephant_hunting_grounds hand_cannon_guild lacquerware_guild porcelain_guild
FRA,elephant_hunting_grounds hand_cannon_guild lacquerware_guild porcelain_guild
FRE,elephant_hunting_grounds hand_cannon_guild lacquerware_guild porcelain_guild
FRI,elephant_hunting_grounds hand_cannon_guild lacquerware_guild porcelain_guild
FRM,elephant_hunting_grounds hand_cannon_guild lacquerware_guild porcelain_guild
FRN,elephant_hunting_grounds hand_cannon_guild lacquerware_guild porcelain_guild
FRT,elephant_hunting_grounds hand_cannon_guild lacquerware_guild porcelain_guild
FRZ,elephant_hunting_grounds hand_cannon_guild lacquerware_guild porcelain_guild
FUR,elephant_hunting_grounds hand_cannon_guild lacquerware_guild porcelain_guild
FUT,RGO_building_alum RGO_building_coal RGO_building_iron RGO_building_saltpeter apothecary bog_iron_smelter elephant_hunting_grounds lacquerware_guild local_smelters porcelain_guild
FUY,apothecary elephant_hunting_grounds lacquerware_guild porcelain_guild
FZA,elephant_hunting_grounds hand_cannon_guild lacquerware_guild porcelain_guild
FZH,elephant_hunting_grounds lacquerware_guild porcelain_guild
GAU,elephant_hunting_grounds hand_cannon_guild lacquerware_guild porcelain_guild
GAZ,elephant_hunting_grounds hand_cannon_guild lacquerware_guild porcelain_guild
GBH,elephant_hunting_grounds hand_cannon_guild lacquerware_guild porcelain_guild
GBS,elephant_hunting_grounds hand_cannon_guild lacquerware_guild porcelain_guild
GCH,RGO_building_alum RGO_building_coal RGO_building_horses RGO_building_iron RGO_building_saltpeter apothecary bog_iron_smelter elephant_hunting_grounds hand_cannon_guild lacquerware_guild local_smelters porcelain_guild
GDA,elephant_hunting_grounds hand_cannon_guild lacquerware_guild porcelain_guild
GED,elephant_hunting_grounds hand_cannon_guild lacquerware_guild porcelain_guild
GEL,elephant_hunting_grounds hand_cannon_guild lacquerware_guild porcelain_guild
GEN,elephant_hunting_grounds hand_cannon_guild lacquerware_guild porcelain_guild
GEO,elephant_hunting_grounds hand_cannon_guild lacquerware_guild porcelain_guild
GFS,elephant_hunting_grounds hand_cannon_guild lacquerware_guild porcelain_guild
GGX,elephant_hunting_grounds lacquerware_guild porcelain_guild
GHA,elephant_hunting_grounds hand_cannon_guild lacquerware_guild porcelain_guild
GHL,elephant_hunting_grounds hand_cannon_guild lacquerware_guild porcelain_guild
GHR,elephant_hunting_grounds hand_cannon_guild lacquerware_guild porcelain_guild
GIL,RGO_building_alum RGO_building_coal RGO_building_iron RGO_building_saltpeter apothecary bog_iron_smelter elephant_hunting_grounds lacquerware_guild local_smelters porcelain_guild
GLA,elephant_hunting_grounds hand_cannon_guild lacquerware_guild porcelain_guild
GLH,elephant_hunting_grounds hand_cannon_guild lacquerware_guild porcelain_guild
GLI,RGO_building_alum RGO_building_coal RGO_building_iron RGO_building_saltpeter bog_iron_smelter elephant_hunting_grounds hand_cannon_guild lacquerware_guild local_smelters porcelain_guild
GLM,elephant_hunting_grounds hand_cannon_guild lacquerware_guild porcelain_guild
GLN,elephant_hunting_grounds hand_cannon_guild lacquerware_guild porcelain_guild
GLO,elephant_hunting_grounds hand_cannon_guild lacquerware_guild porcelain_guild
GLS,elephant_hunting_grounds hand_cannon_guild lacquerware_guild porcelain_guild
GLU,elephant_hunting_grounds lacquerware_guild porcelain_guild
GMG,elephant_hunting_grounds hand_cannon_guild lacquerware_guild porcelain_guild
GMK,elephant_hunting_grounds hand_cannon_guild lacquerware_guild porcelain_guild
GNG,elephant_hunting_grounds lacquerware_guild porcelain_guild
GNJ,elephant_hunting_grounds lacquerware_guild porcelain_guild
GNN,elephant_hunting_grounds lacquerware_guild porcelain_guild
GNV,elephant_hunting_grounds hand_cannon_guild lacquerware_guild porcelain_guild
GOA,elephant_hunting_grounds hand_cannon_guild lacquerware_guild porcelain_guild
GOB,RGO_building_alum RGO_building_coal RGO_building_iron RGO_building_saltpeter bog_iron_smelter elephant_hunting_grounds hand_cannon_guild lacquerware_guild local_smelters porcelain_guild
GOL,apothecary elephant_hunting_grounds lacquerware_guild porcelain_guild
GOR,elephant_hunting_grounds hand_cannon_guild lacquerware_guild porcelain_guild
GOS,elephant_hunting_grounds hand_cannon_guild lacquerware_guild porcelain_guild
GOW,elephant_hunting_grounds hand_cannon_guild lacquerware_guild porcelain_guild
GRA,elephant_hunting_grounds hand_cannon_guild lacquerware_guild porcelain_guild
GRF,elephant_hunting_grounds hand_cannon_guild lacquerware_guild porcelain_guild
GRG,elephant_hunting_grounds hand_cannon_guild lacquerware_guild porcelain_guild
GRK,elephant_hunting_grounds hand_cannon_guild lacquerware_guild porcelain_guild
GRL,elephant_hunting_grounds hand_cannon_guild lacquerware_guild porcelain_guild
GRM,elephant_hunting_grounds hand_cannon_guild lacquerware_guild porcelain_guild
GRR,RGO_building_alum RGO_building_coal RGO_building_horses RGO_building_iron RGO_building_saltpeter apothecary bog_iron_smelter elephant_hunting_grounds hand_cannon_guild lacquerware_guild local_smelters porcelain_guild
GRS,elephant_hunting_grounds hand_cannon_guild lacquerware_guild porcelain_guild
GRT,elephant_hunting_grounds hand_cannon_guild lacquerware_guild porcelain_guild
GRY,elephant_hunting_grounds hand_cannon_guild lacquerware_guild porcelain_guild
GSW,elephant_hunting_grounds hand_cannon_guild lacquerware_guild porcelain_guild
GUB,elephant_hunting_grounds hand_cannon_guild lacquerware_guild porcelain_guild
GUG,elephant_hunting_grounds lacquerware_guild porcelain_guild
GUR,RGO_building_alum RGO_building_coal RGO_building_copper RGO_building_goods_gold RGO_building_horses RGO_building_iron RGO_building_lead RGO_building_legumes RGO_building_marble RGO_building_mercury RGO_building_saltpeter RGO_building_silver RGO_building_stone RGO_building_tin RGO_building_wheat apothecary bog_iron_smelter elephant_hunting_grounds hand_cannon_guild lacquerware_guild local_smelters paper_guild porcelain_guild scriptorium tools_guild weapon_guild windmill
GWA,elephant_hunting_grounds hand_cannon_guild lacquerware_guild porcelain_guild
GWI,RGO_building_alum RGO_building_coal RGO_building_copper RGO_building_goods_gold RGO_building_horses RGO_building_iron RGO_building_lead RGO_building_legumes RGO_building_marble RGO_building_mercury RGO_building_saltpeter RGO_building_silver RGO_building_stone RGO_building_tin RGO_building_wheat apothecary bog_iron_smelter elephant_hunting_grounds hand_cannon_guild lacquerware_guild local_smelters paper_guild porcelain_guild scriptorium tools_guild weapon_guild windmill
GWL,elephant_hunting_grounds hand_cannon_guild lacquerware_guild porcelain_guild
GWR,elephant_hunting_grounds hand_cannon_guild lacquerware_guild porcelain_guild
GYE,apothecary elephant_hunting_grounds lacquerware_guild porcelain_guild
GYO,RGO_building_alum RGO_building_coal RGO_building_horses RGO_building_iron RGO_building_saltpeter apothecary bog_iron_smelter elephant_hunting_grounds hand_cannon_guild lacquerware_guild local_smelters paper_guild porcelain_guild scriptorium
GYT,apothecary elephant_hunting_grounds lacquerware_guild porcelain_guild
GZH,elephant_hunting_grounds lacquerware_guild porcelain_guild
HAB,elephant_hunting_grounds hand_cannon_guild lacquerware_guild porcelain_guild
HAC,elephant_hunting_grounds hand_cannon_guild lacquerware_guild porcelain_guild
HAD,elephant_hunting_grounds hand_cannon_guild lacquerware_guild porcelain_guild
HAG,elephant_hunting_grounds hand_cannon_guild lacquerware_guild porcelain_guild
HAI,elephant_hunting_grounds hand_cannon_guild lacquerware_guild porcelain_guild
HAL,elephant_hunting_grounds hand_cannon_guild lacquerware_guild porcelain_guild
HAM,elephant_hunting_grounds hand_cannon_guild lacquerware_guild porcelain_guild
HAW,RGO_building_alum RGO_building_coal RGO_building_horses RGO_building_iron RGO_building_saltpeter apothecary bog_iron_smelter elephant_hunting_grounds hand_cannon_guild lacquerware_guild local_smelters paper_guild porcelain_guild scriptorium
HBG,elephant_hunting_grounds hand_cannon_guild lacquerware_guild porcelain_guild
HBN,elephant_hunting_grounds hand_cannon_guild lacquerware_guild porcelain_guild
HBR,elephant_hunting_grounds hand_cannon_guild lacquerware_guild porcelain_guild
HBS,elephant_hunting_grounds hand_cannon_guild lacquerware_guild porcelain_guild
HCH,RGO_building_alum RGO_building_coal RGO_building_horses RGO_building_iron RGO_building_saltpeter apothecary bog_iron_smelter elephant_hunting_grounds hand_cannon_guild lacquerware_guild local_smelters porcelain_guild
HCI,elephant_hunting_grounds hand_cannon_guild lacquerware_guild porcelain_guild
HCN,elephant_hunting_grounds lacquerware_guild porcelain_guild
HDH,elephant_hunting_grounds hand_cannon_guild lacquerware_guild porcelain_guild
HDN,elephant_hunting_grounds hand_cannon_guild lacquerware_guild porcelain_guild
HDR,elephant_hunting_grounds hand_cannon_guild lacquerware_guild porcelain_guild
HDY,elephant_hunting_grounds hand_cannon_guild lacquerware_guild porcelain_guild
HEH,elephant_hunting_grounds hand_cannon_guild lacquerware_guild porcelain_guild
HEL,RGO_building_alum RGO_building_coal RGO_building_horses RGO_building_iron RGO_building_saltpeter apothecary bog_iron_smelter elephant_hunting_grounds hand_cannon_guild lacquerware_guild local_smelters porcelain_guild
HES,elephant_hunting_grounds hand_cannon_guild lacquerware_guild porcelain_guild
HEZ,apothecary elephant_hunting_grounds
HHB,elephant_hunting_grounds hand_cannon_guild lacquerware_guild porcelain_guild
HHP,elephant_hunting_grounds hand_cannon_guild lacquerware_guild porcelain_guild
HIJ,apothecary elephant_hunting_grounds lacquerware_guild porcelain_guild
HIY,apothecary elephant_hunting_grounds lacquerware_guild porcelain_guild
HJZ,RGO_building_alum RGO_building_coal RGO_building_horses RGO_building_iron RGO_building_saltpeter apothecary bog_iron_smelter elephant_hunting_grounds hand_cannon_guild lacquerware_guild local_smelters porcelain_guild
HKK,elephant_hunting_grounds hand_cannon_guild lacquerware_guild porcelain_guild
HKM,elephant_hunting_grounds hand_cannon_guild lacquerware_guild porcelain_guild
HKZ,elephant_hunting_grounds lacquerware_guild porcelain_guild
HLF,elephant_hunting_grounds hand_cannon_guild lacquerware_guild porcelain_guild
HLG,elephant_hunting_grounds hand_cannon_guild lacquerware_guild porcelain_guild
HLL,elephant_hunting_grounds hand_cannon_guild lacquerware_guild porcelain_guild
HLN,apothecary elephant_hunting_grounds lacquerware_guild porcelain_guild
HMD,elephant_hunting_grounds hand_cannon_guild lacquerware_guild porcelain_guild
HNA,elephant_hunting_grounds hand_cannon_guild lacquerware_guild porcelain_guild
HNB,elephant_hunting_grounds hand_cannon_guild lacquerware_guild porcelain_guild
HNC,apothecary elephant_hunting_grounds lacquerware_guild porcelain_guild
HNK,RGO_building_alum RGO_building_coal RGO_building_horses RGO_building_iron RGO_building_saltpeter apothecary bog_iron_smelter elephant_hunting_grounds hand_cannon_guild lacquerware_guild local_smelters porcelain_guild
HNV,elephant_hunting_grounds hand_cannon_guild lacquerware_guild porcelain_guild
HNY,elephant_hunting_grounds hand_cannon_guild lacquerware_guild porcelain_guild
HNZ,RGO_building_alum RGO_building_coal RGO_building_iron RGO_building_saltpeter bog_iron_smelter elephant_hunting_grounds hand_cannon_guild lacquerware_guild local_smelters porcelain_guild
HOH,elephant_hunting_grounds hand_cannon_guild lacquerware_guild porcelain_guild
HOL,elephant_hunting_grounds hand_cannon_guild lacquerware_guild porcelain_guild
HOR,elephant_hunting_grounds lacquerware_guild porcelain_guild
HOT,apothecary elephant_hunting_grounds lacquerware_guild porcelain_guild
HOX,elephant_hunting_grounds hand_cannon_guild lacquerware_guild porcelain_guild
HOY,elephant_hunting_grounds hand_cannon_guild lacquerware_guild porcelain_guild
HPL,elephant_hunting_grounds hand_cannon_guild lacquerware_guild porcelain_guild
HQG,elephant_hunting_grounds lacquerware_guild porcelain_guild
HRB,elephant_hunting_grounds hand_cannon_guild lacquerware_guild porcelain_guild
HRC,RGO_building_alum RGO_building_coal RGO_building_horses RGO_building_iron RGO_building_saltpeter apothecary bog_iron_smelter elephant_hunting_grounds hand_cannon_guild lacquerware_guild local_smelters porcelain_guild
HRL,elephant_hunting_grounds hand_cannon_guild lacquerware_guild porcelain_guild
HRN,elephant_hunting_grounds hand_cannon_guild lacquerware_guild porcelain_guild
HRO,RGO_building_alum RGO_building_coal RGO_building_iron RGO_building_saltpeter apothecary bog_iron_smelter elephant_hunting_grounds lacquerware_guild local_smelters porcelain_guild
HSC,elephant_hunting_grounds hand_cannon_guild lacquerware_guild porcelain_guild
HSE,elephant_hunting_grounds hand_cannon_guild lacquerware_guild porcelain_guild
HSF,elephant_hunting_grounds hand_cannon_guild lacquerware_guild porcelain_guild
HSI,elephant_hunting_grounds hand_cannon_guild lacquerware_guild porcelain_guild
HSL,elephant_hunting_grounds hand_cannon_guild lacquerware_guild porcelain_guild
HSN,elephant_hunting_grounds hand_cannon_guild lacquerware_guild porcelain_guild
HSP,elephant_hunting_grounds hand_cannon_guild lacquerware_guild porcelain_guild
HST,RGO_building_alum RGO_building_coal RGO_building_horses RGO_building_iron RGO_building_saltpeter apothecary bog_iron_smelter elephant_hunting_grounds hand_cannon_guild lacquerware_guild local_smelters porcelain_guild
HTN,elephant_hunting_grounds hand_cannon_guild lacquerware_guild porcelain_guild
HTR,elephant_hunting_grounds hand_cannon_guild lacquerware_guild porcelain_guild
HTY,elephant_hunting_grounds hand_cannon_guild lacquerware_guild porcelain_guild
HTZ,RGO_building_alum RGO_building_coal RGO_building_horses RGO_building_iron RGO_building_saltpeter apothecary bog_iron_smelter elephant_hunting_grounds hand_cannon_guild lacquerware_guild local_smelters porcelain_guild
HUI,apothecary elephant_hunting_grounds lacquerware_guild porcelain_guild
HUN,elephant_hunting_grounds hand_cannon_guild lacquerware_guild porcelain_guild
HUR,apothecary elephant_hunting_grounds lacquerware_guild porcelain_guild
HUT,elephant_hunting_grounds hand_cannon_guild lacquerware_guild porcelain_guild
HUX,RGO_building_alum RGO_building_coal RGO_building_horses RGO_building_iron RGO_building_saltpeter apothecary bog_iron_smelter elephant_hunting_grounds hand_cannon_guild lacquerware_guild local_smelters porcelain_guild
HVB,elephant_hunting_grounds hand_cannon_guild lacquerware_guild porcelain_guild
HYC,RGO_building_alum RGO_building_coal RGO_building_horses RGO_building_iron RGO_building_saltpeter apothecary bog_iron_smelter elephant_hunting_grounds hand_cannon_guild lacquerware_guild local_smelters porcelain_guild
HYM,apothecary elephant_hunting_grounds hand_cannon_guild lacquerware_guild porcelain_guild
HYT,elephant_hunting_grounds hand_cannon_guild lacquerware_guild porcelain_guild
HZH,elephant_hunting_grounds lacquerware_guild porcelain_guild
HZN,elephant_hunting_grounds hand_cannon_guild lacquerware_guild porcelain_guild
HZP,elephant_hunting_grounds hand_cannon_guild lacquerware_guild porcelain_guild
HZR,elephant_hunting_grounds hand_cannon_guild lacquerware_guild porcelain_guild
IAS,elephant_hunting_grounds hand_cannon_guild lacquerware_guild porcelain_guild
IBL,elephant_hunting_grounds hand_cannon_guild lacquerware_guild porcelain_guild
ICE,elephant_hunting_grounds hand_cannon_guild lacquerware_guild porcelain_guild
ICM,RGO_building_alum RGO_building_coal RGO_building_horses RGO_building_iron RGO_building_saltpeter apothecary bog_iron_smelter elephant_hunting_grounds hand_cannon_guild lacquerware_guild local_smelters porcelain_guild
IDR,elephant_hunting_grounds hand_cannon_guild lacquerware_guild porcelain_guild
IFA,elephant_hunting_grounds hand_cannon_guild lacquerware_guild porcelain_guild
IFE,RGO_building_alum RGO_building_coal RGO_building_iron RGO_building_saltpeter bog_iron_smelter elephant_hunting_grounds hand_cannon_guild lacquerware_guild local_smelters porcelain_guild
IHB,elephant_hunting_grounds hand_cannon_guild lacquerware_guild porcelain_guild
IJB,RGO_building_alum RGO_building_coal RGO_building_iron RGO_building_saltpeter bog_iron_smelter elephant_hunting_grounds hand_cannon_guild lacquerware_guild local_smelters porcelain_guild
IJE,RGO_building_alum RGO_building_coal RGO_building_iron RGO_building_saltpeter bog_iron_smelter elephant_hunting_grounds hand_cannon_guild lacquerware_guild local_smelters porcelain_guild
IJO,elephant_hunting_grounds hand_cannon_guild lacquerware_guild porcelain_guild
IJS,RGO_building_alum RGO_building_coal RGO_building_iron RGO_building_saltpeter bog_iron_smelter elephant_hunting_grounds hand_cannon_guild lacquerware_guild local_smelters porcelain_guild
ILU,apothecary elephant_hunting_grounds lacquerware_guild porcelain_guild
IMA,apothecary elephant_hunting_grounds hand_cannon_guild lacquerware_guild porcelain_guild
IMN,RGO_building_alum RGO_building_coal RGO_building_iron RGO_building_saltpeter apothecary bog_iron_smelter elephant_hunting_grounds lacquerware_guild local_smelters porcelain_guild
IMO,elephant_hunting_grounds hand_cannon_guild lacquerware_guild porcelain_guild
INA,elephant_hunting_grounds hand_cannon_guild lacquerware_guild porcelain_guild
INH,RGO_building_alum RGO_building_coal RGO_building_horses RGO_building_iron RGO_building_saltpeter bog_iron_smelter elephant_hunting_grounds hand_cannon_guild lacquerware_guild local_smelters porcelain_guild
INI,apothecary elephant_hunting_grounds hand_cannon_guild lacquerware_guild porcelain_guild
INJ,elephant_hunting_grounds hand_cannon_guild lacquerware_guild porcelain_guild
INO,elephant_hunting_grounds hand_cannon_guild lacquerware_guild porcelain_guild
INR,elephant_hunting_grounds hand_cannon_guild lacquerware_guild porcelain_guild
IRD,elephant_hunting_grounds hand_cannon_guild lacquerware_guild porcelain_guild
ISL,RGO_building_alum RGO_building_coal RGO_building_horses RGO_building_iron RGO_building_saltpeter apothecary bog_iron_smelter elephant_hunting_grounds hand_cannon_guild lacquerware_guild local_smelters paper_guild porcelain_guild scriptorium
ISO,RGO_building_alum RGO_building_coal RGO_building_iron RGO_building_saltpeter bog_iron_smelter elephant_hunting_grounds hand_cannon_guild lacquerware_guild local_smelters porcelain_guild
ITU,apothecary elephant_hunting_grounds lacquerware_guild porcelain_guild
ITZ,RGO_building_alum RGO_building_coal RGO_building_horses RGO_building_iron RGO_building_saltpeter apothecary bog_iron_smelter elephant_hunting_grounds hand_cannon_guild lacquerware_guild local_smelters porcelain_guild
IVG,apothecary elephant_hunting_grounds hand_cannon_guild lacquerware_guild porcelain_guild
IXA,RGO_building_alum RGO_building_coal RGO_building_horses RGO_building_iron RGO_building_saltpeter apothecary bog_iron_smelter elephant_hunting_grounds hand_cannon_guild lacquerware_guild local_smelters porcelain_guild
IXL,RGO_building_alum RGO_building_coal RGO_building_horses RGO_building_iron RGO_building_saltpeter apothecary bog_iron_smelter elephant_hunting_grounds hand_cannon_guild lacquerware_guild local_smelters paper_guild porcelain_guild scriptorium
IXT,RGO_building_alum RGO_building_coal RGO_building_horses RGO_building_iron RGO_building_saltpeter apothecary bog_iron_smelter elephant_hunting_grounds hand_cannon_guild lacquerware_guild local_smelters porcelain_guild
IYA,RGO_building_alum RGO_building_coal RGO_building_iron RGO_building_saltpeter bog_iron_smelter elephant_hunting_grounds hand_cannon_guild lacquerware_guild local_smelters porcelain_guild
IZC,RGO_building_alum RGO_building_coal RGO_building_horses RGO_building_iron RGO_building_saltpeter apothecary bog_iron_smelter elephant_hunting_grounds hand_cannon_guild lacquerware_guild local_smelters porcelain_guild
IZO,RGO_building_alum RGO_building_coal RGO_building_horses RGO_building_iron RGO_building_saltpeter apothecary bog_iron_smelter elephant_hunting_grounds hand_cannon_guild lacquerware_guild local_smelters porcelain_guild
JAL,elephant_hunting_grounds hand_cannon_guild lacquerware_guild porcelain_guild
JAP,elephant_hunting_grounds
JAW,elephant_hunting_grounds hand_cannon_guild lacquerware_guild porcelain_guild
JBL,elephant_hunting_grounds hand_cannon_guild lacquerware_guild porcelain_guild
JEV,elephant_hunting_grounds hand_cannon_guild lacquerware_guild porcelain_guild
JFN,elephant_hunting_grounds hand_cannon_guild lacquerware_guild porcelain_guild
JHI,elephant_hunting_grounds hand_cannon_guild lacquerware_guild porcelain_guild
JHT,apothecary elephant_hunting_grounds lacquerware_guild porcelain_guild
JIZ,apothecary elephant_hunting_grounds lacquerware_guild porcelain_guild
JJK,elephant_hunting_grounds hand_cannon_guild lacquerware_guild porcelain_guild
JKR,elephant_hunting_grounds hand_cannon_guild lacquerware_guild porcelain_guild
JLM,elephant_hunting_grounds hand_cannon_guild lacquerware_guild porcelain_guild
JLO,elephant_hunting_grounds hand_cannon_guild lacquerware_guild porcelain_guild
JLR,elephant_hunting_grounds hand_cannon_guild lacquerware_guild porcelain_guild
JLW,elephant_hunting_grounds hand_cannon_guild lacquerware_guild porcelain_guild
JLY,elephant_hunting_grounds hand_cannon_guild lacquerware_guild porcelain_guild
JMB,elephant_hunting_grounds hand_cannon_guild lacquerware_guild porcelain_guild
JNG,elephant_hunting_grounds hand_cannon_guild lacquerware_guild porcelain_guild
JNT,elephant_hunting_grounds hand_cannon_guild lacquerware_guild porcelain_guild
JOL,RGO_building_alum RGO_building_coal RGO_building_iron RGO_building_saltpeter bog_iron_smelter elephant_hunting_grounds hand_cannon_guild lacquerware_guild local_smelters porcelain_guild
JPO,elephant_hunting_grounds hand_cannon_guild lacquerware_guild porcelain_guild
JRN,elephant_hunting_grounds hand_cannon_guild lacquerware_guild porcelain_guild
JRW,elephant_hunting_grounds hand_cannon_guild lacquerware_guild porcelain_guild
JSI,elephant_hunting_grounds lacquerware_guild porcelain_guild
JSK,elephant_hunting_grounds hand_cannon_guild lacquerware_guild porcelain_guild
JSL,elephant_hunting_grounds hand_cannon_guild lacquerware_guild porcelain_guild
JUL,elephant_hunting_grounds hand_cannon_guild lacquerware_guild porcelain_guild
JUR,elephant_hunting_grounds hand_cannon_guild lacquerware_guild porcelain_guild
JUS,apothecary elephant_hunting_grounds lacquerware_guild porcelain_guild
JUX,RGO_building_alum RGO_building_coal RGO_building_horses RGO_building_iron RGO_building_saltpeter apothecary bog_iron_smelter elephant_hunting_grounds hand_cannon_guild lacquerware_guild local_smelters porcelain_guild
JWR,elephant_hunting_grounds hand_cannon_guild lacquerware_guild porcelain_guild
KAB,elephant_hunting_grounds hand_cannon_guild lacquerware_guild porcelain_guild
KAI,elephant_hunting_grounds hand_cannon_guild lacquerware_guild porcelain_guild
KAL,elephant_hunting_grounds hand_cannon_guild lacquerware_guild porcelain_guild
KAM,RGO_building_alum RGO_building_coal RGO_building_horses RGO_building_iron RGO_building_saltpeter bog_iron_smelter elephant_hunting_grounds hand_cannon_guild lacquerware_guild local_smelters porcelain_guild
KAN,RGO_building_alum RGO_building_coal RGO_building_iron RGO_building_saltpeter bog_iron_smelter elephant_hunting_grounds hand_cannon_guild lacquerware_guild local_smelters porcelain_guild
KAQ,RGO_building_alum RGO_building_coal RGO_building_horses RGO_building_iron RGO_building_saltpeter apothecary bog_iron_smelter elephant_hunting_grounds hand_cannon_guild lacquerware_guild local_smelters porcelain_guild
KAR,elephant_hunting_grounds hand_cannon_guild lacquerware_guild porcelain_guild
KAS,elephant_hunting_grounds hand_cannon_guild lacquerware_guild porcelain_guild
KAU,RGO_building_alum RGO_building_coal RGO_building_horses RGO_building_iron RGO_building_saltpeter apothecary bog_iron_smelter elephant_hunting_grounds hand_cannon_guild lacquerware_guild local_smelters paper_guild porcelain_guild scriptorium
KBD,elephant_hunting_grounds hand_cannon_guild lacquerware_guild porcelain_guild
KBO,RGO_building_alum RGO_building_coal RGO_building_iron RGO_building_saltpeter bog_iron_smelter elephant_hunting_grounds hand_cannon_guild lacquerware_guild local_smelters porcelain_guild
KBR,elephant_hunting_grounds hand_cannon_guild lacquerware_guild porcelain_guild
KCH,elephant_hunting_grounds hand_cannon_guild lacquerware_guild porcelain_guild
KCN,elephant_hunting_grounds hand_cannon_guild lacquerware_guild porcelain_guild
KDA,elephant_hunting_grounds hand_cannon_guild lacquerware_guild porcelain_guild
KDU,elephant_hunting_grounds hand_cannon_guild lacquerware_guild porcelain_guild
KED,elephant_hunting_grounds hand_cannon_guild lacquerware_guild porcelain_guild
KEE,apothecary elephant_hunting_grounds hand_cannon_guild lacquerware_guild porcelain_guild
KEL,elephant_hunting_grounds hand_cannon_guild lacquerware_guild porcelain_guild
KER,RGO_building_alum RGO_building_coal RGO_building_horses RGO_building_iron RGO_building_saltpeter apothecary bog_iron_smelter elephant_hunting_grounds hand_cannon_guild lacquerware_guild local_smelters paper_guild porcelain_guild scriptorium
KET,RGO_building_alum RGO_building_coal RGO_building_iron RGO_building_saltpeter bog_iron_smelter elephant_hunting_grounds hand_cannon_guild lacquerware_guild local_smelters porcelain_guild
KGR,elephant_hunting_grounds hand_cannon_guild lacquerware_guild porcelain_guild
KHD,elephant_hunting_grounds lacquerware_guild porcelain_guild
KHF,elephant_hunting_grounds hand_cannon_guild lacquerware_guild porcelain_guild
KHG,apothecary elephant_hunting_grounds lacquerware_guild porcelain_guild
KHM,elephant_hunting_grounds hand_cannon_guild lacquerware_guild porcelain_guild
KHN,elephant_hunting_grounds hand_cannon_guild lacquerware_guild porcelain_guild
KHR,elephant_hunting_grounds hand_cannon_guild lacquerware_guild porcelain_guild
KHS,elephant_hunting_grounds hand_cannon_guild lacquerware_guild porcelain_guild
KHT,elephant_hunting_grounds hand_cannon_guild lacquerware_guild porcelain_guild
KHU,elephant_hunting_grounds hand_cannon_guild lacquerware_guild porcelain_guild
KHZ,elephant_hunting_grounds hand_cannon_guild lacquerware_guild porcelain_guild
KIC,RGO_building_alum RGO_building_coal RGO_building_horses RGO_building_iron RGO_building_saltpeter apothecary bog_iron_smelter elephant_hunting_grounds hand_cannon_guild lacquerware_guild local_smelters porcelain_guild
KID,elephant_hunting_grounds hand_cannon_guild lacquerware_guild porcelain_guild
KIE,elephant_hunting_grounds hand_cannon_guild lacquerware_guild porcelain_guild
KIL,elephant_hunting_grounds hand_cannon_guild lacquerware_guild porcelain_guild
KIM,elephant_hunting_grounds hand_cannon_guild lacquerware_guild porcelain_guild
KIP,elephant_hunting_grounds hand_cannon_guild lacquerware_guild porcelain_guild
KIR,elephant_hunting_grounds hand_cannon_guild lacquerware_guild porcelain_guild
KIT,RGO_building_alum RGO_building_coal RGO_building_horses RGO_building_iron RGO_building_saltpeter bog_iron_smelter elephant_hunting_grounds hand_cannon_guild lacquerware_guild local_smelters porcelain_guild
KJA,elephant_hunting_grounds hand_cannon_guild lacquerware_guild porcelain_guild
KKA,RGO_building_alum RGO_building_coal RGO_building_horses RGO_building_iron RGO_building_saltpeter apothecary bog_iron_smelter elephant_hunting_grounds hand_cannon_guild lacquerware_guild local_smelters paper_guild porcelain_guild scriptorium
KKE,RGO_building_alum RGO_building_coal RGO_building_copper RGO_building_goods_gold RGO_building_horses RGO_building_iron RGO_building_lead RGO_building_legumes RGO_building_marble RGO_building_mercury RGO_building_saltpeter RGO_building_silver RGO_building_stone RGO_building_tin RGO_building_wheat apothecary bog_iron_smelter elephant_hunting_grounds hand_cannon_guild lacquerware_guild local_smelters paper_guild porcelain_guild scriptorium tools_guild weapon_guild windmill
KKG,elephant_hunting_grounds hand_cannon_guild lacquerware_guild porcelain_guild
KKL,elephant_hunting_grounds hand_cannon_guild lacquerware_guild porcelain_guild
KKR,elephant_hunting_grounds hand_cannon_guild lacquerware_guild porcelain_guild
KLA,elephant_hunting_grounds hand_cannon_guild lacquerware_guild porcelain_guild
KLB,elephant_hunting_grounds hand_cannon_guild lacquerware_guild porcelain_guild
KLE,elephant_hunting_grounds hand_cannon_guild lacquerware_guild porcelain_guild
KLH,elephant_hunting_grounds hand_cannon_guild lacquerware_guild porcelain_guild
KLI,elephant_hunting_grounds hand_cannon_guild lacquerware_guild porcelain_guild
KLN,elephant_hunting_grounds hand_cannon_guild lacquerware_guild porcelain_guild
KLR,elephant_hunting_grounds hand_cannon_guild lacquerware_guild porcelain_guild
KLS,elephant_hunting_grounds hand_cannon_guild lacquerware_guild porcelain_guild
KLT,elephant_hunting_grounds hand_cannon_guild lacquerware_guild porcelain_guild
KLU,elephant_hunting_grounds hand_cannon_guild lacquerware_guild porcelain_guild
KLW,elephant_hunting_grounds hand_cannon_guild lacquerware_guild porcelain_guild
KMA,elephant_hunting_grounds hand_cannon_guild lacquerware_guild porcelain_guild
KML,elephant_hunting_grounds hand_cannon_guild lacquerware_guild porcelain_guild
KMM,elephant_hunting_grounds hand_cannon_guild lacquerware_guild porcelain_guild
KMN,elephant_hunting_grounds hand_cannon_guild lacquerware_guild porcelain_guild
KMP,elephant_hunting_grounds hand_cannon_guild lacquerware_guild porcelain_guild
KNA,RGO_building_alum RGO_building_coal RGO_building_horses RGO_building_iron RGO_building_saltpeter apothecary bog_iron_smelter elephant_hunting_grounds hand_cannon_guild lacquerware_guild local_smelters porcelain_guild
KNG,RGO_building_alum RGO_building_coal RGO_building_copper RGO_building_goods_gold RGO_building_horses RGO_building_iron RGO_building_lead RGO_building_legumes RGO_building_marble RGO_building_mercury RGO_building_saltpeter RGO_building_silver RGO_building_stone RGO_building_tin RGO_building_wheat apothecary bog_iron_smelter elephant_hunting_grounds hand_cannon_guild lacquerware_guild local_smelters paper_guild porcelain_guild scriptorium tools_guild weapon_guild windmill
KNI,elephant_hunting_grounds hand_cannon_guild lacquerware_guild porcelain_guild
KNK,elephant_hunting_grounds hand_cannon_guild lacquerware_guild porcelain_guild
KNW,elephant_hunting_grounds hand_cannon_guild lacquerware_guild porcelain_guild
KNZ,elephant_hunting_grounds hand_cannon_guild lacquerware_guild porcelain_guild
KOL,elephant_hunting_grounds hand_cannon_guild lacquerware_guild porcelain_guild
KOR,elephant_hunting_grounds
KOS,elephant_hunting_grounds hand_cannon_guild lacquerware_guild porcelain_guild
KOW,RGO_building_alum RGO_building_coal RGO_building_horses RGO_building_iron RGO_building_saltpeter apothecary bog_iron_smelter elephant_hunting_grounds hand_cannon_guild lacquerware_guild local_smelters porcelain_guild
KPL,elephant_hunting_grounds hand_cannon_guild lacquerware_guild porcelain_guild
KRD,elephant_hunting_grounds hand_cannon_guild lacquerware_guild porcelain_guild
KRG,elephant_hunting_grounds hand_cannon_guild lacquerware_guild porcelain_guild
KRI,elephant_hunting_grounds hand_cannon_guild lacquerware_guild porcelain_guild
KRK,RGO_building_alum RGO_building_coal RGO_building_horses RGO_building_iron RGO_building_saltpeter apothecary bog_iron_smelter elephant_hunting_grounds hand_cannon_guild lacquerware_guild local_smelters porcelain_guild
KRM,elephant_hunting_grounds hand_cannon_guild lacquerware_guild porcelain_guild
KRP,elephant_hunting_grounds hand_cannon_guild lacquerware_guild porcelain_guild
KRT,elephant_hunting_grounds hand_cannon_guild lacquerware_guild porcelain_guild
KSA,elephant_hunting_grounds hand_cannon_guild lacquerware_guild porcelain_guild
KSH,elephant_hunting_grounds hand_cannon_guild lacquerware_guild porcelain_guild
KSW,elephant_hunting_grounds hand_cannon_guild lacquerware_guild porcelain_guild
KTG,elephant_hunting_grounds hand_cannon_guild lacquerware_guild porcelain_guild
KTL,elephant_hunting_grounds hand_cannon_guild lacquerware_guild porcelain_guild
KTN,elephant_hunting_grounds hand_cannon_guild lacquerware_guild porcelain_guild
KTS,RGO_building_alum RGO_building_coal RGO_building_iron RGO_building_saltpeter bog_iron_smelter elephant_hunting_grounds hand_cannon_guild lacquerware_guild local_smelters porcelain_guild
KTT,elephant_hunting_grounds hand_cannon_guild lacquerware_guild porcelain_guild
KTU,elephant_hunting_grounds hand_cannon_guild lacquerware_guild porcelain_guild
KTW,elephant_hunting_grounds hand_cannon_guild lacquerware_guild porcelain_guild
KTZ,elephant_hunting_grounds hand_cannon_guild lacquerware_guild porcelain_guild
KUR,elephant_hunting_grounds hand_cannon_guild lacquerware_guild porcelain_guild
KUS,RGO_building_alum RGO_building_coal RGO_building_horses RGO_building_iron RGO_building_saltpeter apothecary bog_iron_smelter elephant_hunting_grounds hand_cannon_guild lacquerware_guild local_smelters paper_guild porcelain_guild scriptorium
KUT,elephant_hunting_grounds hand_cannon_guild lacquerware_guild porcelain_guild
KYA,elephant_hunting_grounds hand_cannon_guild lacquerware_guild porcelain_guild
KYB,elephant_hunting_grounds hand_cannon_guild lacquerware_guild porcelain_guild
KZK,elephant_hunting_grounds hand_cannon_guild lacquerware_guild porcelain_guild
LAC,RGO_building_alum RGO_building_coal RGO_building_copper RGO_building_goods_gold RGO_building_horses RGO_building_iron RGO_building_lead RGO_building_legumes RGO_building_marble RGO_building_mercury RGO_building_saltpeter RGO_building_silver RGO_building_stone RGO_building_tin RGO_building_wheat apothecary bog_iron_smelter elephant_hunting_grounds hand_cannon_guild lacquerware_guild local_smelters paper_guild porcelain_guild scriptorium tools_guild weapon_guild windmill
LAL,apothecary elephant_hunting_grounds lacquerware_guild porcelain_guild
LAM,elephant_hunting_grounds hand_cannon_guild lacquerware_guild porcelain_guild
LAN,elephant_hunting_grounds hand_cannon_guild lacquerware_guild porcelain_guild
LAU,elephant_hunting_grounds hand_cannon_guild lacquerware_guild porcelain_guild
LAV,elephant_hunting_grounds hand_cannon_guild lacquerware_guild porcelain_guild
LBB,elephant_hunting_grounds hand_cannon_guild lacquerware_guild porcelain_guild
LBO,elephant_hunting_grounds lacquerware_guild porcelain_guild
LBV,elephant_hunting_grounds hand_cannon_guild lacquerware_guild porcelain_guild
LCA,elephant_hunting_grounds hand_cannon_guild lacquerware_guild porcelain_guild
LCK,elephant_hunting_grounds hand_cannon_guild lacquerware_guild porcelain_guild
LCU,elephant_hunting_grounds hand_cannon_guild lacquerware_guild porcelain_guild
LCZ,elephant_hunting_grounds hand_cannon_guild lacquerware_guild porcelain_guild
LDA,elephant_hunting_grounds hand_cannon_guild lacquerware_guild porcelain_guild
LDB,elephant_hunting_grounds hand_cannon_guild lacquerware_guild porcelain_guild
LEI,apothecary elephant_hunting_grounds hand_cannon_guild lacquerware_guild porcelain_guild
LEK,elephant_hunting_grounds hand_cannon_guild lacquerware_guild porcelain_guild
LEU,elephant_hunting_grounds hand_cannon_guild lacquerware_guild porcelain_guild
LGC,elephant_hunting_grounds hand_cannon_guild lacquerware_guild porcelain_guild
LGE,elephant_hunting_grounds hand_cannon_guild lacquerware_guild porcelain_guild
LGK,elephant_hunting_grounds hand_cannon_guild lacquerware_guild porcelain_guild
LGQ,elephant_hunting_grounds lacquerware_guild porcelain_guild
LGT,elephant_hunting_grounds lacquerware_guild porcelain_guild
LGZ,apothecary elephant_hunting_grounds
LHJ,elephant_hunting_grounds hand_cannon_guild lacquerware_guild porcelain_guild
LHL,elephant_hunting_grounds hand_cannon_guild lacquerware_guild porcelain_guild
LHN,RGO_building_alum RGO_building_coal RGO_building_horses RGO_building_iron RGO_building_saltpeter apothecary bog_iron_smelter elephant_hunting_grounds hand_cannon_guild lacquerware_guild local_smelters paper_guild porcelain_guild scriptorium
LIC,elephant_hunting_grounds hand_cannon_guild lacquerware_guild porcelain_guild
LIE,elephant_hunting_grounds hand_cannon_guild lacquerware_guild porcelain_guild
LIG,elephant_hunting_grounds hand_cannon_guild lacquerware_guild porcelain_guild
LIM,elephant_hunting_grounds hand_cannon_guild lacquerware_guild porcelain_guild
LIN,elephant_hunting_grounds lacquerware_guild porcelain_guild
LIT,elephant_hunting_grounds hand_cannon_guild lacquerware_guild porcelain_guild
LIV,elephant_hunting_grounds hand_cannon_guild lacquerware_guild porcelain_guild
LJG,apothecary elephant_hunting_grounds lacquerware_guild porcelain_guild
LLN,elephant_hunting_grounds lacquerware_guild porcelain_guild
LLS,elephant_hunting_grounds lacquerware_guild porcelain_guild
LLU,apothecary elephant_hunting_grounds lacquerware_guild porcelain_guild
LMN,apothecary elephant_hunting_grounds hand_cannon_guild lacquerware_guild porcelain_guild
LNA,elephant_hunting_grounds hand_cannon_guild lacquerware_guild porcelain_guild
LNG,elephant_hunting_grounds
LNK,elephant_hunting_grounds hand_cannon_guild lacquerware_guild porcelain_guild
LNN,elephant_hunting_grounds hand_cannon_guild lacquerware_guild porcelain_guild
LNO,RGO_building_alum RGO_building_coal RGO_building_iron RGO_building_saltpeter bog_iron_smelter elephant_hunting_grounds hand_cannon_guild lacquerware_guild local_smelters porcelain_guild
LOI,elephant_hunting_grounds hand_cannon_guild lacquerware_guild porcelain_guild
LOL,elephant_hunting_grounds hand_cannon_guild lacquerware_guild porcelain_guild
LOO,elephant_hunting_grounds hand_cannon_guild lacquerware_guild porcelain_guild
LOR,elephant_hunting_grounds hand_cannon_guild lacquerware_guild porcelain_guild
LPG,elephant_hunting_grounds lacquerware_guild porcelain_guild
LPP,elephant_hunting_grounds hand_cannon_guild lacquerware_guild porcelain_guild
LRT,elephant_hunting_grounds hand_cannon_guild lacquerware_guild porcelain_guild
LSA,elephant_hunting_grounds hand_cannon_guild lacquerware_guild porcelain_guild
LST,elephant_hunting_grounds hand_cannon_guild lacquerware_guild porcelain_guild
LTN,apothecary elephant_hunting_grounds lacquerware_guild porcelain_guild
LTU,elephant_hunting_grounds lacquerware_guild porcelain_guild
LUB,elephant_hunting_grounds hand_cannon_guild lacquerware_guild porcelain_guild
LUC,elephant_hunting_grounds hand_cannon_guild lacquerware_guild porcelain_guild
LUN,elephant_hunting_grounds hand_cannon_guild lacquerware_guild porcelain_guild
LUP,RGO_building_alum RGO_building_coal RGO_building_horses RGO_building_iron RGO_building_saltpeter apothecary bog_iron_smelter elephant_hunting_grounds hand_cannon_guild lacquerware_guild local_smelters porcelain_guild
LUR,elephant_hunting_grounds hand_cannon_guild lacquerware_guild porcelain_guild
LUW,elephant_hunting_grounds hand_cannon_guild lacquerware_guild porcelain_guild
LUX,elephant_hunting_grounds hand_cannon_guild lacquerware_guild porcelain_guild
LWA,elephant_hunting_grounds hand_cannon_guild lacquerware_guild porcelain_guild
LXG,elephant_hunting_grounds lacquerware_guild porcelain_guild
LZI,elephant_hunting_grounds lacquerware_guild porcelain_guild
LZO,elephant_hunting_grounds lacquerware_guild porcelain_guild
MAB,elephant_hunting_grounds hand_cannon_guild lacquerware_guild porcelain_guild
MAC,elephant_hunting_grounds hand_cannon_guild lacquerware_guild porcelain_guild
MAG,elephant_hunting_grounds hand_cannon_guild lacquerware_guild porcelain_guild
MAH,apothecary elephant_hunting_grounds lacquerware_guild porcelain_guild
MAI,elephant_hunting_grounds hand_cannon_guild lacquerware_guild porcelain_guild
MAJ,elephant_hunting_grounds hand_cannon_guild lacquerware_guild porcelain_guild
MAK,elephant_hunting_grounds hand_cannon_guild lacquerware_guild porcelain_guild
MAL,elephant_hunting_grounds hand_cannon_guild lacquerware_guild porcelain_guild
MAM,elephant_hunting_grounds hand_cannon_guild lacquerware_guild porcelain_guild
MAN,elephant_hunting_grounds hand_cannon_guild lacquerware_guild porcelain_guild
MAR,elephant_hunting_grounds lacquerware_guild porcelain_guild
MAT,RGO_building_alum RGO_building_coal RGO_building_horses RGO_building_iron RGO_building_saltpeter apothecary bog_iron_smelter elephant_hunting_grounds hand_cannon_guild lacquerware_guild local_smelters porcelain_guild
MAU,elephant_hunting_grounds hand_cannon_guild lacquerware_guild porcelain_guild
MBA,elephant_hunting_grounds hand_cannon_guild lacquerware_guild porcelain_guild
MBD,elephant_hunting_grounds hand_cannon_guild lacquerware_guild porcelain_guild
MBT,RGO_building_alum RGO_building_coal RGO_building_horses RGO_building_iron RGO_building_saltpeter bog_iron_smelter elephant_hunting_grounds hand_cannon_guild lacquerware_guild local_smelters porcelain_guild
MBZ,elephant_hunting_grounds hand_cannon_guild lacquerware_guild porcelain_guild
MCC,RGO_building_alum RGO_building_coal RGO_building_horses RGO_building_iron RGO_building_saltpeter apothecary bog_iron_smelter elephant_hunting_grounds hand_cannon_guild lacquerware_guild local_smelters porcelain_guild
MCI,apothecary elephant_hunting_grounds lacquerware_guild porcelain_guild
MCM,apothecary elephant_hunting_grounds hand_cannon_guild lacquerware_guild porcelain_guild
MDA,elephant_hunting_grounds hand_cannon_guild lacquerware_guild porcelain_guild
MDI,elephant_hunting_grounds hand_cannon_guild lacquerware_guild porcelain_guild
MDM,elephant_hunting_grounds hand_cannon_guild lacquerware_guild porcelain_guild
MDN,elephant_hunting_grounds hand_cannon_guild lacquerware_guild porcelain_guild
MDS,elephant_hunting_grounds hand_cannon_guild lacquerware_guild porcelain_guild
MDY,elephant_hunting_grounds hand_cannon_guild lacquerware_guild porcelain_guild
MEC,elephant_hunting_grounds hand_cannon_guild lacquerware_guild porcelain_guild
MED,elephant_hunting_grounds hand_cannon_guild lacquerware_guild porcelain_guild
MEI,elephant_hunting_grounds hand_cannon_guild lacquerware_guild porcelain_guild
MEM,elephant_hunting_grounds hand_cannon_guild lacquerware_guild porcelain_guild
MEN,elephant_hunting_grounds hand_cannon_guild lacquerware_guild porcelain_guild
MET,RGO_building_alum RGO_building_coal RGO_building_horses RGO_building_iron RGO_building_saltpeter apothecary bog_iron_smelter elephant_hunting_grounds hand_cannon_guild lacquerware_guild local_smelters porcelain_guild
MEW,elephant_hunting_grounds hand_cannon_guild lacquerware_guild porcelain_guild
MFA,elephant_hunting_grounds hand_cannon_guild lacquerware_guild porcelain_guild
MFE,elephant_hunting_grounds hand_cannon_guild lacquerware_guild porcelain_guild
MFK,elephant_hunting_grounds hand_cannon_guild lacquerware_guild porcelain_guild
MGD,elephant_hunting_grounds hand_cannon_guild lacquerware_guild porcelain_guild
MGG,elephant_hunting_grounds lacquerware_guild porcelain_guild
MGK,elephant_hunting_grounds lacquerware_guild porcelain_guild
MGN,elephant_hunting_grounds lacquerware_guild porcelain_guild
MGT,elephant_hunting_grounds hand_cannon_guild lacquerware_guild porcelain_guild
MHA,elephant_hunting_grounds
MHC,RGO_building_alum RGO_building_coal RGO_building_horses RGO_building_iron RGO_building_saltpeter apothecary bog_iron_smelter elephant_hunting_grounds hand_cannon_guild lacquerware_guild local_smelters porcelain_guild
MHK,elephant_hunting_grounds lacquerware_guild porcelain_guild
MHL,elephant_hunting_grounds hand_cannon_guild lacquerware_guild porcelain_guild
MHN,elephant_hunting_grounds lacquerware_guild porcelain_guild
MHT,RGO_building_alum RGO_building_coal RGO_building_horses RGO_building_iron RGO_building_saltpeter apothecary bog_iron_smelter elephant_hunting_grounds hand_cannon_guild lacquerware_guild local_smelters porcelain_guild
MHU,elephant_hunting_grounds lacquerware_guild porcelain_guild
MIC,RGO_building_alum RGO_building_coal RGO_building_iron RGO_building_saltpeter apothecary bog_iron_smelter elephant_hunting_grounds lacquerware_guild local_smelters porcelain_guild
MIE,elephant_hunting_grounds hand_cannon_guild lacquerware_guild porcelain_guild
MIH,elephant_hunting_grounds hand_cannon_guild lacquerware_guild porcelain_guild
MIT,RGO_building_alum RGO_building_coal RGO_building_horses RGO_building_iron RGO_building_saltpeter apothecary bog_iron_smelter elephant_hunting_grounds hand_cannon_guild lacquerware_guild local_smelters porcelain_guild
MIX,RGO_building_alum RGO_building_coal RGO_building_horses RGO_building_iron RGO_building_saltpeter apothecary bog_iron_smelter elephant_hunting_grounds hand_cannon_guild lacquerware_guild local_smelters porcelain_guild
MJU,elephant_hunting_grounds hand_cannon_guild lacquerware_guild porcelain_guild
MKA,elephant_hunting_grounds hand_cannon_guild lacquerware_guild porcelain_guild
MKG,elephant_hunting_grounds hand_cannon_guild lacquerware_guild porcelain_guild
MKL,elephant_hunting_grounds hand_cannon_guild lacquerware_guild porcelain_guild
MKN,elephant_hunting_grounds hand_cannon_guild lacquerware_guild porcelain_guild
MKR,elephant_hunting_grounds hand_cannon_guild lacquerware_guild porcelain_guild
MKW,elephant_hunting_grounds hand_cannon_guild lacquerware_guild porcelain_guild
MLB,elephant_hunting_grounds hand_cannon_guild lacquerware_guild porcelain_guild
MLE,elephant_hunting_grounds lacquerware_guild porcelain_guild
MLG,elephant_hunting_grounds lacquerware_guild porcelain_guild
MLH,elephant_hunting_grounds hand_cannon_guild lacquerware_guild porcelain_guild
MLI,elephant_hunting_grounds hand_cannon_guild lacquerware_guild porcelain_guild
MLK,RGO_building_alum RGO_building_coal RGO_building_horses RGO_building_iron RGO_building_saltpeter apothecary bog_iron_smelter elephant_hunting_grounds hand_cannon_guild lacquerware_guild local_smelters paper_guild porcelain_guild scriptorium
MLL,elephant_hunting_grounds hand_cannon_guild lacquerware_guild porcelain_guild
MLM,elephant_hunting_grounds lacquerware_guild porcelain_guild
MLN,RGO_building_alum RGO_building_coal RGO_building_horses RGO_building_iron RGO_building_saltpeter apothecary bog_iron_smelter elephant_hunting_grounds hand_cannon_guild lacquerware_guild local_smelters porcelain_guild
MLO,elephant_hunting_grounds hand_cannon_guild lacquerware_guild porcelain_guild
MLT,RGO_building_alum RGO_building_coal RGO_building_horses RGO_building_iron RGO_building_saltpeter apothecary bog_iron_smelter elephant_hunting_grounds hand_cannon_guild lacquerware_guild local_smelters porcelain_guild
MMA,elephant_hunting_grounds lacquerware_guild porcelain_guild
MMM,RGO_building_alum RGO_building_coal RGO_building_horses RGO_building_iron RGO_building_saltpeter apothecary bog_iron_smelter elephant_hunting_grounds hand_cannon_guild lacquerware_guild local_smelters porcelain_guild
MNA,elephant_hunting_grounds hand_cannon_guild lacquerware_guild porcelain_guild
MND,elephant_hunting_grounds hand_cannon_guild lacquerware_guild porcelain_guild
MNI,elephant_hunting_grounds hand_cannon_guild lacquerware_guild porcelain_guild
MNJ,elephant_hunting_grounds hand_cannon_guild lacquerware_guild porcelain_guild
MNL,elephant_hunting_grounds lacquerware_guild porcelain_guild
MNN,elephant_hunting_grounds hand_cannon_guild lacquerware_guild porcelain_guild
MNU,elephant_hunting_grounds hand_cannon_guild lacquerware_guild porcelain_guild
MNZ,apothecary elephant_hunting_grounds
MOG,elephant_hunting_grounds hand_cannon_guild lacquerware_guild porcelain_guild
MOM,RGO_building_alum RGO_building_coal RGO_building_horses RGO_building_iron RGO_building_saltpeter bog_iron_smelter elephant_hunting_grounds hand_cannon_guild lacquerware_guild local_smelters porcelain_guild
MON,elephant_hunting_grounds hand_cannon_guild lacquerware_guild porcelain_guild
MOO,elephant_hunting_grounds hand_cannon_guild lacquerware_guild porcelain_guild
MOR,elephant_hunting_grounds hand_cannon_guild lacquerware_guild porcelain_guild
MOS,elephant_hunting_grounds hand_cannon_guild lacquerware_guild porcelain_guild
MOU,elephant_hunting_grounds hand_cannon_guild lacquerware_guild porcelain_guild
MOY,elephant_hunting_grounds hand_cannon_guild lacquerware_guild porcelain_guild
MOZ,elephant_hunting_grounds hand_cannon_guild lacquerware_guild porcelain_guild
MPE,RGO_building_alum RGO_building_coal RGO_building_horses RGO_building_iron RGO_building_saltpeter bog_iron_smelter elephant_hunting_grounds hand_cannon_guild lacquerware_guild local_smelters porcelain_guild
MPR,RGO_building_alum RGO_building_coal RGO_building_copper RGO_building_goods_gold RGO_building_horses RGO_building_iron RGO_building_lead RGO_building_legumes RGO_building_marble RGO_building_mercury RGO_building_saltpeter RGO_building_silver RGO_building_stone RGO_building_tin RGO_building_wheat apothecary bog_iron_smelter elephant_hunting_grounds hand_cannon_guild lacquerware_guild local_smelters paper_guild porcelain_guild scriptorium tools_guild weapon_guild windmill
MRB,elephant_hunting_grounds hand_cannon_guild lacquerware_guild porcelain_guild
MRC,elephant_hunting_grounds hand_cannon_guild lacquerware_guild porcelain_guild
MRE,apothecary elephant_hunting_grounds lacquerware_guild porcelain_guild
MRH,elephant_hunting_grounds hand_cannon_guild lacquerware_guild porcelain_guild
MRM,elephant_hunting_grounds hand_cannon_guild lacquerware_guild porcelain_guild
MRN,elephant_hunting_grounds hand_cannon_guild lacquerware_guild porcelain_guild
MRP,elephant_hunting_grounds hand_cannon_guild lacquerware_guild porcelain_guild
MRS,elephant_hunting_grounds hand_cannon_guild lacquerware_guild porcelain_guild
MRT,elephant_hunting_grounds hand_cannon_guild lacquerware_guild porcelain_guild
MRV,elephant_hunting_grounds hand_cannon_guild lacquerware_guild porcelain_guild
MRW,elephant_hunting_grounds hand_cannon_guild lacquerware_guild porcelain_guild
MSB,elephant_hunting_grounds hand_cannon_guild lacquerware_guild porcelain_guild
MSN,elephant_hunting_grounds hand_cannon_guild lacquerware_guild porcelain_guild
MSO,elephant_hunting_grounds hand_cannon_guild lacquerware_guild porcelain_guild
MSP,elephant_hunting_grounds hand_cannon_guild lacquerware_guild porcelain_guild
MSV,elephant_hunting_grounds hand_cannon_guild lacquerware_guild porcelain_guild
MTA,elephant_hunting_grounds hand_cannon_guild lacquerware_guild porcelain_guild
MTB,elephant_hunting_grounds hand_cannon_guild lacquerware_guild porcelain_guild
MTG,elephant_hunting_grounds hand_cannon_guild lacquerware_guild porcelain_guild
MTO,elephant_hunting_grounds hand_cannon_guild lacquerware_guild porcelain_guild
MTR,elephant_hunting_grounds hand_cannon_guild lacquerware_guild porcelain_guild
MTZ,elephant_hunting_grounds hand_cannon_guild lacquerware_guild porcelain_guild
MUA,elephant_hunting_grounds hand_cannon_guild lacquerware_guild porcelain_guild
MUH,apothecary elephant_hunting_grounds lacquerware_guild porcelain_guild
MUI,RGO_building_alum RGO_building_coal RGO_building_horses RGO_building_iron RGO_building_saltpeter apothecary bog_iron_smelter elephant_hunting_grounds hand_cannon_guild lacquerware_guild local_smelters paper_guild porcelain_guild scriptorium
MUL,elephant_hunting_grounds hand_cannon_guild lacquerware_guild porcelain_guild
MUN,elephant_hunting_grounds hand_cannon_guild lacquerware_guild porcelain_guild
MUR,elephant_hunting_grounds hand_cannon_guild lacquerware_guild porcelain_guild
MUS,elephant_hunting_grounds hand_cannon_guild lacquerware_guild porcelain_guild
MUT,elephant_hunting_grounds hand_cannon_guild lacquerware_guild porcelain_guild
MVA,elephant_hunting_grounds hand_cannon_guild lacquerware_guild porcelain_guild
MWO,elephant_hunting_grounds lacquerware_guild porcelain_guild
MXT,RGO_building_alum RGO_building_coal RGO_building_horses RGO_building_iron RGO_building_saltpeter apothecary bog_iron_smelter elephant_hunting_grounds hand_cannon_guild lacquerware_guild local_smelters porcelain_guild
MYA,elephant_hunting_grounds hand_cannon_guild lacquerware_guild porcelain_guild
MYI,elephant_hunting_grounds hand_cannon_guild lacquerware_guild porcelain_guild
MYM,RGO_building_alum RGO_building_coal RGO_building_copper RGO_building_goods_gold RGO_building_horses RGO_building_iron RGO_building_lead RGO_building_legumes RGO_building_marble RGO_building_mercury RGO_building_saltpeter RGO_building_silver RGO_building_stone RGO_building_tin RGO_building_wheat apothecary bog_iron_smelter elephant_hunting_grounds hand_cannon_guild lacquerware_guild local_smelters paper_guild porcelain_guild scriptorium tools_guild weapon_guild windmill
MYO,elephant_hunting_grounds hand_cannon_guild lacquerware_guild porcelain_guild
MZB,elephant_hunting_grounds hand_cannon_guild lacquerware_guild porcelain_guild
MZF,elephant_hunting_grounds hand_cannon_guild lacquerware_guild porcelain_guild
MZJ,elephant_hunting_grounds hand_cannon_guild lacquerware_guild porcelain_guild
MZK,elephant_hunting_grounds hand_cannon_guild lacquerware_guild porcelain_guild
MZN,elephant_hunting_grounds hand_cannon_guild lacquerware_guild porcelain_guild
MZT,RGO_building_alum RGO_building_coal RGO_building_horses RGO_building_iron RGO_building_saltpeter apothecary bog_iron_smelter elephant_hunting_grounds hand_cannon_guild lacquerware_guild local_smelters porcelain_guild
NAG,RGO_building_alum RGO_building_coal RGO_building_iron RGO_building_saltpeter bog_iron_smelter elephant_hunting_grounds hand_cannon_guild lacquerware_guild local_smelters porcelain_guild
NAL,apothecary elephant_hunting_grounds lacquerware_guild porcelain_guild
NAM,elephant_hunting_grounds hand_cannon_guild lacquerware_guild porcelain_guild
NAP,elephant_hunting_grounds hand_cannon_guild lacquerware_guild porcelain_guild
NAV,elephant_hunting_grounds hand_cannon_guild lacquerware_guild porcelain_guild
NAX,elephant_hunting_grounds hand_cannon_guild lacquerware_guild porcelain_guild
NBH,apothecary elephant_hunting_grounds lacquerware_guild porcelain_guild
NCN,elephant_hunting_grounds lacquerware_guild porcelain_guild
NDN,elephant_hunting_grounds lacquerware_guild porcelain_guild
NEG,elephant_hunting_grounds hand_cannon_guild lacquerware_guild porcelain_guild
NEL,elephant_hunting_grounds hand_cannon_guild lacquerware_guild porcelain_guild
NEM,RGO_building_alum RGO_building_coal RGO_building_iron RGO_building_saltpeter apothecary bog_iron_smelter elephant_hunting_grounds lacquerware_guild local_smelters porcelain_guild
NEO,elephant_hunting_grounds hand_cannon_guild lacquerware_guild porcelain_guild
NEU,elephant_hunting_grounds hand_cannon_guild lacquerware_guild porcelain_guild
NEV,elephant_hunting_grounds hand_cannon_guild lacquerware_guild porcelain_guild
NEY,apothecary elephant_hunting_grounds lacquerware_guild porcelain_guild
NGD,elephant_hunting_grounds hand_cannon_guild lacquerware_guild porcelain_guild
NGL,elephant_hunting_grounds hand_cannon_guild lacquerware_guild porcelain_guild
NGZ,elephant_hunting_grounds lacquerware_guild porcelain_guild
NHS,elephant_hunting_grounds hand_cannon_guild lacquerware_guild porcelain_guild
NID,elephant_hunting_grounds hand_cannon_guild lacquerware_guild porcelain_guild
NIE,elephant_hunting_grounds hand_cannon_guild lacquerware_guild porcelain_guild
NLG,elephant_hunting_grounds lacquerware_guild porcelain_guild
NLU,elephant_hunting_grounds lacquerware_guild porcelain_guild
NMB,elephant_hunting_grounds hand_cannon_guild lacquerware_guild porcelain_guild
NMD,elephant_hunting_grounds hand_cannon_guild lacquerware_guild porcelain_guild
NMS,elephant_hunting_grounds hand_cannon_guild lacquerware_guild porcelain_guild
NND,RGO_building_alum RGO_building_coal RGO_building_horses RGO_building_iron RGO_building_saltpeter apothecary bog_iron_smelter elephant_hunting_grounds hand_cannon_guild lacquerware_guild local_smelters porcelain_guild
NNN,elephant_hunting_grounds lacquerware_guild porcelain_guild
NOR,elephant_hunting_grounds hand_cannon_guild lacquerware_guild porcelain_guild
NOV,elephant_hunting_grounds hand_cannon_guild lacquerware_guild porcelain_guild
NPG,elephant_hunting_grounds lacquerware_guild porcelain_guild
NQS,elephant_hunting_grounds hand_cannon_guild lacquerware_guild porcelain_guild
NRB,elephant_hunting_grounds hand_cannon_guild lacquerware_guild porcelain_guild
NRI,RGO_building_alum RGO_building_coal RGO_building_copper RGO_building_goods_gold RGO_building_horses RGO_building_iron RGO_building_lead RGO_building_legumes RGO_building_marble RGO_building_mercury RGO_building_saltpeter RGO_building_silver RGO_building_stone RGO_building_tin RGO_building_wheat apothecary bog_iron_smelter elephant_hunting_grounds hand_cannon_guild lacquerware_guild local_smelters paper_guild porcelain_guild scriptorium tools_guild weapon_guild windmill
NRK,elephant_hunting_grounds hand_cannon_guild lacquerware_guild porcelain_guild
NRM,elephant_hunting_grounds hand_cannon_guild lacquerware_guild porcelain_guild
NRO,RGO_building_alum RGO_building_coal RGO_building_iron RGO_building_saltpeter apothecary bog_iron_smelter elephant_hunting_grounds lacquerware_guild local_smelters porcelain_guild
NRP,elephant_hunting_grounds hand_cannon_guild lacquerware_guild porcelain_guild
NRS,elephant_hunting_grounds hand_cannon_guild lacquerware_guild porcelain_guild
NSH,elephant_hunting_grounds hand_cannon_guild lacquerware_guild porcelain_guild
NSI,elephant_hunting_grounds hand_cannon_guild lacquerware_guild porcelain_guild
NSL,elephant_hunting_grounds hand_cannon_guild lacquerware_guild porcelain_guild
NSR,elephant_hunting_grounds hand_cannon_guild lacquerware_guild porcelain_guild
NSS,elephant_hunting_grounds hand_cannon_guild lacquerware_guild porcelain_guild
NSU,RGO_building_alum RGO_building_coal RGO_building_horses RGO_building_iron RGO_building_saltpeter bog_iron_smelter elephant_hunting_grounds hand_cannon_guild lacquerware_guild local_smelters porcelain_guild
NSW,elephant_hunting_grounds hand_cannon_guild lacquerware_guild porcelain_guild
NTA,RGO_building_alum RGO_building_coal RGO_building_horses RGO_building_iron RGO_building_saltpeter apothecary bog_iron_smelter elephant_hunting_grounds hand_cannon_guild lacquerware_guild local_smelters porcelain_guild
NTL,elephant_hunting_grounds hand_cannon_guild lacquerware_guild porcelain_guild
NUP,RGO_building_alum RGO_building_coal RGO_building_copper RGO_building_goods_gold RGO_building_horses RGO_building_iron RGO_building_lead RGO_building_legumes RGO_building_marble RGO_building_mercury RGO_building_saltpeter RGO_building_silver RGO_building_stone RGO_building_tin RGO_building_wheat apothecary bog_iron_smelter elephant_hunting_grounds hand_cannon_guild lacquerware_guild local_smelters paper_guild porcelain_guild scriptorium tools_guild weapon_guild windmill
NUR,elephant_hunting_grounds hand_cannon_guild lacquerware_guild porcelain_guild
NVS,elephant_hunting_grounds hand_cannon_guild lacquerware_guild porcelain_guild
NWG,elephant_hunting_grounds hand_cannon_guild lacquerware_guild porcelain_guild
NWU,elephant_hunting_grounds lacquerware_guild porcelain_guild
NYA,apothecary elephant_hunting_grounds lacquerware_guild porcelain_guild
NYM,elephant_hunting_grounds hand_cannon_guild lacquerware_guild porcelain_guild
NYS,elephant_hunting_grounds hand_cannon_guild lacquerware_guild porcelain_guild
NYZ,elephant_hunting_grounds lacquerware_guild porcelain_guild
NZH,elephant_hunting_grounds hand_cannon_guild lacquerware_guild porcelain_guild
NZN,elephant_hunting_grounds lacquerware_guild porcelain_guild
OAH,RGO_building_alum RGO_building_coal RGO_building_horses RGO_building_iron RGO_building_saltpeter apothecary bog_iron_smelter elephant_hunting_grounds hand_cannon_guild lacquerware_guild local_smelters paper_guild porcelain_guild scriptorium
OAP,RGO_building_alum RGO_building_coal RGO_building_horses RGO_building_iron RGO_building_saltpeter apothecary bog_iron_smelter elephant_hunting_grounds hand_cannon_guild lacquerware_guild local_smelters porcelain_guild
OBW,elephant_hunting_grounds hand_cannon_guild lacquerware_guild porcelain_guild
OEL,elephant_hunting_grounds hand_cannon_guild lacquerware_guild porcelain_guild
OET,elephant_hunting_grounds hand_cannon_guild lacquerware_guild porcelain_guild
OFB,elephant_hunting_grounds hand_cannon_guild lacquerware_guild porcelain_guild
OGE,elephant_hunting_grounds hand_cannon_guild lacquerware_guild porcelain_guild
OGL,elephant_hunting_grounds hand_cannon_guild lacquerware_guild porcelain_guild
OHK,RGO_building_alum RGO_building_coal RGO_building_horses RGO_building_iron RGO_building_saltpeter apothecary bog_iron_smelter elephant_hunting_grounds hand_cannon_guild lacquerware_guild local_smelters paper_guild porcelain_guild scriptorium
OIL,apothecary elephant_hunting_grounds hand_cannon_guild lacquerware_guild porcelain_guild
OKE,RGO_building_alum RGO_building_coal RGO_building_iron RGO_building_saltpeter bog_iron_smelter elephant_hunting_grounds hand_cannon_guild lacquerware_guild local_smelters porcelain_guild
OLD,elephant_hunting_grounds hand_cannon_guild lacquerware_guild porcelain_guild
OMA,elephant_hunting_grounds hand_cannon_guild lacquerware_guild porcelain_guild
OMT,RGO_building_alum RGO_building_coal RGO_building_horses RGO_building_iron RGO_building_saltpeter apothecary bog_iron_smelter elephant_hunting_grounds hand_cannon_guild lacquerware_guild local_smelters porcelain_guild
OND,RGO_building_alum RGO_building_coal RGO_building_iron RGO_building_saltpeter bog_iron_smelter elephant_hunting_grounds hand_cannon_guild lacquerware_guild local_smelters porcelain_guild
ONN,RGO_building_alum RGO_building_coal RGO_building_horses RGO_building_iron RGO_building_saltpeter apothecary bog_iron_smelter elephant_hunting_grounds hand_cannon_guild lacquerware_guild local_smelters paper_guild porcelain_guild scriptorium
ONO,RGO_building_alum RGO_building_coal RGO_building_horses RGO_building_iron RGO_building_saltpeter apothecary bog_iron_smelter elephant_hunting_grounds hand_cannon_guild lacquerware_guild local_smelters paper_guild porcelain_guild scriptorium
ONW,elephant_hunting_grounds hand_cannon_guild lacquerware_guild porcelain_guild
ONY,RGO_building_alum RGO_building_coal RGO_building_horses RGO_building_iron RGO_building_saltpeter apothecary bog_iron_smelter elephant_hunting_grounds hand_cannon_guild lacquerware_guild local_smelters paper_guild porcelain_guild scriptorium
OPL,elephant_hunting_grounds hand_cannon_guild lacquerware_guild porcelain_guild
OPV,elephant_hunting_grounds hand_cannon_guild lacquerware_guild porcelain_guild
ORA,elephant_hunting_grounds hand_cannon_guild lacquerware_guild porcelain_guild
ORD,elephant_hunting_grounds hand_cannon_guild lacquerware_guild porcelain_guild
ORE,elephant_hunting_grounds hand_cannon_guild lacquerware_guild porcelain_guild
ORI,elephant_hunting_grounds hand_cannon_guild lacquerware_guild porcelain_guild
ORK,elephant_hunting_grounds hand_cannon_guild lacquerware_guild porcelain_guild
ORM,elephant_hunting_grounds hand_cannon_guild lacquerware_guild porcelain_guild
ORT,elephant_hunting_grounds hand_cannon_guild lacquerware_guild porcelain_guild
OSN,elephant_hunting_grounds hand_cannon_guild lacquerware_guild porcelain_guild
OSS,apothecary elephant_hunting_grounds hand_cannon_guild lacquerware_guild porcelain_guild
OSW,elephant_hunting_grounds hand_cannon_guild lacquerware_guild porcelain_guild
OTA,RGO_building_alum RGO_building_coal RGO_building_horses RGO_building_iron RGO_building_saltpeter apothecary bog_iron_smelter elephant_hunting_grounds hand_cannon_guild lacquerware_guild local_smelters porcelain_guild
OTC,elephant_hunting_grounds lacquerware_guild porcelain_guild
OTO,RGO_building_alum RGO_building_coal RGO_building_horses RGO_building_iron RGO_building_saltpeter apothecary bog_iron_smelter elephant_hunting_grounds hand_cannon_guild lacquerware_guild local_smelters porcelain_guild
OUA,RGO_building_alum RGO_building_coal RGO_building_copper RGO_building_goods_gold RGO_building_horses RGO_building_iron RGO_building_lead RGO_building_legumes RGO_building_marble RGO_building_mercury RGO_building_saltpeter RGO_building_silver RGO_building_stone RGO_building_tin RGO_building_wheat apothecary bog_iron_smelter elephant_hunting_grounds hand_cannon_guild lacquerware_guild local_smelters paper_guild porcelain_guild scriptorium tools_guild weapon_guild windmill
OWO,RGO_building_alum RGO_building_coal RGO_building_iron RGO_building_saltpeter bog_iron_smelter elephant_hunting_grounds hand_cannon_guild lacquerware_guild local_smelters porcelain_guild
OXT,RGO_building_alum RGO_building_coal RGO_building_horses RGO_building_iron RGO_building_saltpeter apothecary bog_iron_smelter elephant_hunting_grounds hand_cannon_guild lacquerware_guild local_smelters porcelain_guild
OYO,RGO_building_alum RGO_building_coal RGO_building_iron RGO_building_saltpeter bog_iron_smelter elephant_hunting_grounds hand_cannon_guild lacquerware_guild local_smelters porcelain_guild
OZL,RGO_building_alum RGO_building_coal RGO_building_horses RGO_building_iron RGO_building_saltpeter apothecary bog_iron_smelter elephant_hunting_grounds hand_cannon_guild lacquerware_guild local_smelters porcelain_guild
OZT,RGO_building_alum RGO_building_coal RGO_building_horses RGO_building_iron RGO_building_saltpeter apothecary bog_iron_smelter elephant_hunting_grounds hand_cannon_guild lacquerware_guild local_smelters porcelain_guild
OZU,RGO_building_alum RGO_building_coal RGO_building_horses RGO_building_iron RGO_building_saltpeter apothecary bog_iron_smelter elephant_hunting_grounds hand_cannon_guild lacquerware_guild local_smelters porcelain_guild
PAD,elephant_hunting_grounds hand_cannon_guild lacquerware_guild porcelain_guild
PAH,elephant_hunting_grounds hand_cannon_guild lacquerware_guild porcelain_guild
PAL,elephant_hunting_grounds hand_cannon_guild lacquerware_guild porcelain_guild
PAN,elephant_hunting_grounds lacquerware_guild porcelain_guild
PAP,elephant_hunting_grounds hand_cannon_guild lacquerware_guild porcelain_guild
PAR,elephant_hunting_grounds hand_cannon_guild lacquerware_guild porcelain_guild
PAT,elephant_hunting_grounds hand_cannon_guild lacquerware_guild porcelain_guild
PAV,elephant_hunting_grounds hand_cannon_guild lacquerware_guild porcelain_guild
PCD,elephant_hunting_grounds lacquerware_guild porcelain_guild
PCJ,RGO_building_alum RGO_building_coal RGO_building_horses RGO_building_iron RGO_building_saltpeter apothecary bog_iron_smelter elephant_hunting_grounds hand_cannon_guild lacquerware_guild local_smelters porcelain_guild
PCO,RGO_building_alum RGO_building_coal RGO_building_horses RGO_building_iron RGO_building_saltpeter apothecary bog_iron_smelter elephant_hunting_grounds hand_cannon_guild lacquerware_guild local_smelters porcelain_guild
PCR,RGO_building_alum RGO_building_coal RGO_building_horses RGO_building_iron RGO_building_saltpeter apothecary bog_iron_smelter elephant_hunting_grounds hand_cannon_guild lacquerware_guild local_smelters porcelain_guild
PDB,elephant_hunting_grounds hand_cannon_guild lacquerware_guild porcelain_guild
PDG,elephant_hunting_grounds lacquerware_guild porcelain_guild
PDK,elephant_hunting_grounds hand_cannon_guild lacquerware_guild porcelain_guild
PDN,elephant_hunting_grounds lacquerware_guild porcelain_guild
PDU,elephant_hunting_grounds hand_cannon_guild lacquerware_guild porcelain_guild
PEA,elephant_hunting_grounds hand_cannon_guild lacquerware_guild porcelain_guild
PEG,elephant_hunting_grounds hand_cannon_guild lacquerware_guild porcelain_guild
PEM,elephant_hunting_grounds hand_cannon_guild lacquerware_guild porcelain_guild
PER,elephant_hunting_grounds hand_cannon_guild lacquerware_guild porcelain_guild
PES,elephant_hunting_grounds hand_cannon_guild lacquerware_guild porcelain_guild
PGB,elephant_hunting_grounds lacquerware_guild porcelain_guild
PGL,elephant_hunting_grounds hand_cannon_guild lacquerware_guild porcelain_guild
PGS,elephant_hunting_grounds hand_cannon_guild lacquerware_guild porcelain_guild
PHY,elephant_hunting_grounds hand_cannon_guild lacquerware_guild porcelain_guild
PIE,elephant_hunting_grounds hand_cannon_guild lacquerware_guild porcelain_guild
PIG,RGO_building_alum RGO_building_coal RGO_building_horses RGO_building_iron RGO_building_saltpeter apothecary bog_iron_smelter elephant_hunting_grounds hand_cannon_guild lacquerware_guild local_smelters porcelain_guild
PIN,elephant_hunting_grounds hand_cannon_guild lacquerware_guild porcelain_guild
PIS,elephant_hunting_grounds hand_cannon_guild lacquerware_guild porcelain_guild
PJT,elephant_hunting_grounds hand_cannon_guild lacquerware_guild porcelain_guild
PKR,elephant_hunting_grounds hand_cannon_guild lacquerware_guild porcelain_guild
PLA,elephant_hunting_grounds hand_cannon_guild lacquerware_guild porcelain_guild
PLB,elephant_hunting_grounds hand_cannon_guild lacquerware_guild porcelain_guild
PLE,elephant_hunting_grounds hand_cannon_guild lacquerware_guild porcelain_guild
PLK,elephant_hunting_grounds hand_cannon_guild lacquerware_guild porcelain_guild
PLL,RGO_building_alum RGO_building_coal RGO_building_iron RGO_building_saltpeter bog_iron_smelter elephant_hunting_grounds hand_cannon_guild lacquerware_guild local_smelters porcelain_guild
PLN,elephant_hunting_grounds hand_cannon_guild lacquerware_guild porcelain_guild
PLT,elephant_hunting_grounds hand_cannon_guild lacquerware_guild porcelain_guild
PMB,elephant_hunting_grounds hand_cannon_guild lacquerware_guild porcelain_guild
PMS,elephant_hunting_grounds hand_cannon_guild lacquerware_guild porcelain_guild
PNA,elephant_hunting_grounds hand_cannon_guild lacquerware_guild porcelain_guild
PNC,elephant_hunting_grounds hand_cannon_guild lacquerware_guild porcelain_guild
PNI,elephant_hunting_grounds hand_cannon_guild lacquerware_guild porcelain_guild
PNK,elephant_hunting_grounds hand_cannon_guild lacquerware_guild porcelain_guild
POK,elephant_hunting_grounds hand_cannon_guild lacquerware_guild porcelain_guild
POL,elephant_hunting_grounds hand_cannon_guild lacquerware_guild porcelain_guild
POO,elephant_hunting_grounds lacquerware_guild porcelain_guild
POR,elephant_hunting_grounds hand_cannon_guild lacquerware_guild porcelain_guild
POS,elephant_hunting_grounds hand_cannon_guild lacquerware_guild porcelain_guild
PPT,RGO_building_alum RGO_building_coal RGO_building_horses RGO_building_iron RGO_building_saltpeter apothecary bog_iron_smelter elephant_hunting_grounds hand_cannon_guild lacquerware_guild local_smelters porcelain_guild
PRA,elephant_hunting_grounds hand_cannon_guild lacquerware_guild porcelain_guild
PRC,elephant_hunting_grounds hand_cannon_guild lacquerware_guild porcelain_guild
PRK,elephant_hunting_grounds hand_cannon_guild lacquerware_guild porcelain_guild
PRM,elephant_hunting_grounds hand_cannon_guild lacquerware_guild porcelain_guild
PRO,elephant_hunting_grounds hand_cannon_guild lacquerware_guild porcelain_guild
PRT,elephant_hunting_grounds hand_cannon_guild lacquerware_guild porcelain_guild
PSA,elephant_hunting_grounds hand_cannon_guild lacquerware_guild porcelain_guild
PSK,elephant_hunting_grounds hand_cannon_guild lacquerware_guild porcelain_guild
PSS,elephant_hunting_grounds hand_cannon_guild lacquerware_guild porcelain_guild
PST,elephant_hunting_grounds hand_cannon_guild lacquerware_guild porcelain_guild
PSZ,elephant_hunting_grounds hand_cannon_guild lacquerware_guild porcelain_guild
PTC,elephant_hunting_grounds hand_cannon_guild lacquerware_guild porcelain_guild
PTE,elephant_hunting_grounds hand_cannon_guild lacquerware_guild porcelain_guild
PTG,elephant_hunting_grounds hand_cannon_guild lacquerware_guild porcelain_guild
PTL,RGO_building_alum RGO_building_coal RGO_building_horses RGO_building_iron RGO_building_saltpeter apothecary bog_iron_smelter elephant_hunting_grounds hand_cannon_guild lacquerware_guild local_smelters porcelain_guild
PTN,elephant_hunting_grounds hand_cannon_guild lacquerware_guild porcelain_guild
PTP,RGO_building_alum RGO_building_coal RGO_building_horses RGO_building_iron RGO_building_saltpeter apothecary bog_iron_smelter elephant_hunting_grounds hand_cannon_guild lacquerware_guild local_smelters porcelain_guild
PTZ,elephant_hunting_grounds lacquerware_guild porcelain_guild
PUA,elephant_hunting_grounds hand_cannon_guild lacquerware_guild porcelain_guild
PUR,elephant_hunting_grounds lacquerware_guild porcelain_guild
PYE,elephant_hunting_grounds lacquerware_guild porcelain_guild
QAN,RGO_building_alum RGO_building_coal RGO_building_horses RGO_building_iron RGO_building_saltpeter apothecary bog_iron_smelter elephant_hunting_grounds hand_cannon_guild lacquerware_guild local_smelters porcelain_guild
QAS,elephant_hunting_grounds lacquerware_guild porcelain_guild
QCH,elephant_hunting_grounds lacquerware_guild porcelain_guild
QGS,elephant_hunting_grounds lacquerware_guild porcelain_guild
QHT,elephant_hunting_grounds hand_cannon_guild lacquerware_guild porcelain_guild
QHZ,RGO_building_alum RGO_building_coal RGO_building_horses RGO_building_iron RGO_building_saltpeter apothecary bog_iron_smelter elephant_hunting_grounds hand_cannon_guild lacquerware_guild local_smelters porcelain_guild
QIG,RGO_building_alum RGO_building_coal RGO_building_horses RGO_building_iron RGO_building_saltpeter apothecary bog_iron_smelter elephant_hunting_grounds hand_cannon_guild lacquerware_guild local_smelters porcelain_guild
QJG,elephant_hunting_grounds lacquerware_guild porcelain_guild
QLL,RGO_building_alum RGO_building_coal RGO_building_horses RGO_building_iron RGO_building_saltpeter apothecary bog_iron_smelter elephant_hunting_grounds hand_cannon_guild lacquerware_guild local_smelters porcelain_guild
QLM,elephant_hunting_grounds hand_cannon_guild lacquerware_guild porcelain_guild
QOM,elephant_hunting_grounds hand_cannon_guild lacquerware_guild porcelain_guild
QTA,elephant_hunting_grounds hand_cannon_guild lacquerware_guild porcelain_guild
QUA,RGO_building_alum RGO_building_coal RGO_building_horses RGO_building_iron RGO_building_saltpeter apothecary bog_iron_smelter elephant_hunting_grounds hand_cannon_guild lacquerware_guild local_smelters paper_guild porcelain_guild scriptorium
QUB,elephant_hunting_grounds hand_cannon_guild lacquerware_guild porcelain_guild
QUL,RGO_building_alum RGO_building_coal RGO_building_horses RGO_building_iron RGO_building_saltpeter apothecary bog_iron_smelter elephant_hunting_grounds hand_cannon_guild lacquerware_guild local_smelters porcelain_guild
QUN,elephant_hunting_grounds hand_cannon_guild lacquerware_guild porcelain_guild
QYN,elephant_hunting_grounds lacquerware_guild porcelain_guild
RAG,elephant_hunting_grounds hand_cannon_guild lacquerware_guild porcelain_guild
RAN,RGO_building_alum RGO_building_coal RGO_building_iron RGO_building_saltpeter bog_iron_smelter elephant_hunting_grounds hand_cannon_guild lacquerware_guild local_smelters porcelain_guild
RAV,elephant_hunting_grounds hand_cannon_guild lacquerware_guild porcelain_guild
RAW,elephant_hunting_grounds hand_cannon_guild lacquerware_guild porcelain_guild
RBG,elephant_hunting_grounds hand_cannon_guild lacquerware_guild porcelain_guild
RCB,elephant_hunting_grounds hand_cannon_guild lacquerware_guild porcelain_guild
RCC,elephant_hunting_grounds hand_cannon_guild lacquerware_guild porcelain_guild
RCH,elephant_hunting_grounds hand_cannon_guild lacquerware_guild porcelain_guild
RDL,elephant_hunting_grounds hand_cannon_guild lacquerware_guild porcelain_guild
RDY,elephant_hunting_grounds hand_cannon_guild lacquerware_guild porcelain_guild
REG,elephant_hunting_grounds hand_cannon_guild lacquerware_guild porcelain_guild
RET,elephant_hunting_grounds hand_cannon_guild lacquerware_guild porcelain_guild
RGM,elephant_hunting_grounds lacquerware_guild porcelain_guild
RGS,elephant_hunting_grounds lacquerware_guild porcelain_guild
RIE,elephant_hunting_grounds hand_cannon_guild lacquerware_guild porcelain_guild
RIG,elephant_hunting_grounds hand_cannon_guild lacquerware_guild porcelain_guild
RIM,elephant_hunting_grounds hand_cannon_guild lacquerware_guild porcelain_guild
RJI,elephant_hunting_grounds hand_cannon_guild lacquerware_guild porcelain_guild
RJR,elephant_hunting_grounds hand_cannon_guild lacquerware_guild porcelain_guild
RKL,elephant_hunting_grounds hand_cannon_guild lacquerware_guild porcelain_guild
RKS,elephant_hunting_grounds hand_cannon_guild lacquerware_guild porcelain_guild
RND,elephant_hunting_grounds lacquerware_guild porcelain_guild
RNG,elephant_hunting_grounds
RNK,elephant_hunting_grounds hand_cannon_guild lacquerware_guild porcelain_guild
RNP,elephant_hunting_grounds hand_cannon_guild lacquerware_guild porcelain_guild
ROS,elephant_hunting_grounds hand_cannon_guild lacquerware_guild porcelain_guild
ROT,elephant_hunting_grounds hand_cannon_guild lacquerware_guild porcelain_guild
ROU,elephant_hunting_grounds hand_cannon_guild lacquerware_guild porcelain_guild
RRU,elephant_hunting_grounds hand_cannon_guild lacquerware_guild porcelain_guild
RSH,elephant_hunting_grounds hand_cannon_guild lacquerware_guild porcelain_guild
RSO,elephant_hunting_grounds hand_cannon_guild lacquerware_guild porcelain_guild
RTB,elephant_hunting_grounds hand_cannon_guild lacquerware_guild porcelain_guild
RTP,elephant_hunting_grounds hand_cannon_guild lacquerware_guild porcelain_guild
RUP,elephant_hunting_grounds hand_cannon_guild lacquerware_guild porcelain_guild
RUT,elephant_hunting_grounds hand_cannon_guild lacquerware_guild porcelain_guild
RVA,elephant_hunting_grounds hand_cannon_guild lacquerware_guild porcelain_guild
RVB,elephant_hunting_grounds hand_cannon_guild lacquerware_guild porcelain_guild
RYA,elephant_hunting_grounds hand_cannon_guild lacquerware_guild porcelain_guild
RYL,elephant_hunting_grounds hand_cannon_guild lacquerware_guild porcelain_guild
RZB,elephant_hunting_grounds hand_cannon_guild lacquerware_guild porcelain_guild
RZH,elephant_hunting_grounds hand_cannon_guild lacquerware_guild porcelain_guild
SAA,elephant_hunting_grounds hand_cannon_guild lacquerware_guild porcelain_guild
SAB,elephant_hunting_grounds hand_cannon_guild lacquerware_guild porcelain_guild
SAG,elephant_hunting_grounds hand_cannon_guild lacquerware_guild porcelain_guild
SAL,elephant_hunting_grounds hand_cannon_guild lacquerware_guild porcelain_guild
SAM,RGO_building_alum RGO_building_coal RGO_building_horses RGO_building_iron RGO_building_saltpeter apothecary bog_iron_smelter elephant_hunting_grounds hand_cannon_guild lacquerware_guild local_smelters paper_guild porcelain_guild scriptorium
SAN,elephant_hunting_grounds hand_cannon_guild lacquerware_guild porcelain_guild
SAO,elephant_hunting_grounds hand_cannon_guild lacquerware_guild porcelain_guild
SAV,elephant_hunting_grounds hand_cannon_guild lacquerware_guild porcelain_guild
SAW,elephant_hunting_grounds hand_cannon_guild lacquerware_guild porcelain_guild
SAY,RGO_building_alum RGO_building_coal RGO_building_horses RGO_building_iron RGO_building_saltpeter apothecary bog_iron_smelter elephant_hunting_grounds hand_cannon_guild lacquerware_guild local_smelters porcelain_guild
SBG,elephant_hunting_grounds hand_cannon_guild lacquerware_guild porcelain_guild
SBL,elephant_hunting_grounds hand_cannon_guild lacquerware_guild porcelain_guild
SBU,elephant_hunting_grounds hand_cannon_guild lacquerware_guild porcelain_guild
SBY,elephant_hunting_grounds hand_cannon_guild lacquerware_guild porcelain_guild
SBZ,elephant_hunting_grounds hand_cannon_guild lacquerware_guild porcelain_guild
SCB,elephant_hunting_grounds hand_cannon_guild lacquerware_guild porcelain_guild
SCI,elephant_hunting_grounds hand_cannon_guild lacquerware_guild porcelain_guild
SCL,elephant_hunting_grounds hand_cannon_guild lacquerware_guild porcelain_guild
SCO,elephant_hunting_grounds hand_cannon_guild lacquerware_guild porcelain_guild
SDG,elephant_hunting_grounds lacquerware_guild porcelain_guild
SDR,elephant_hunting_grounds hand_cannon_guild lacquerware_guild porcelain_guild
SDZ,elephant_hunting_grounds hand_cannon_guild lacquerware_guild porcelain_guild
SER,elephant_hunting_grounds hand_cannon_guild lacquerware_guild porcelain_guild
SFA,elephant_hunting_grounds hand_cannon_guild lacquerware_guild porcelain_guild
SFC,elephant_hunting_grounds hand_cannon_guild lacquerware_guild porcelain_guild
SFR,elephant_hunting_grounds hand_cannon_guild lacquerware_guild porcelain_guild
SGH,elephant_hunting_grounds hand_cannon_guild lacquerware_guild porcelain_guild
SGN,elephant_hunting_grounds hand_cannon_guild lacquerware_guild porcelain_guild
SGS,elephant_hunting_grounds lacquerware_guild porcelain_guild
SGT,elephant_hunting_grounds hand_cannon_guild lacquerware_guild porcelain_guild
SGU,elephant_hunting_grounds hand_cannon_guild lacquerware_guild porcelain_guild
SGZ,elephant_hunting_grounds
SHB,elephant_hunting_grounds hand_cannon_guild lacquerware_guild porcelain_guild
SHG,elephant_hunting_grounds lacquerware_guild porcelain_guild
SHI,apothecary elephant_hunting_grounds lacquerware_guild porcelain_guild
SHM,elephant_hunting_grounds hand_cannon_guild lacquerware_guild porcelain_guild
SHP,elephant_hunting_grounds hand_cannon_guild lacquerware_guild porcelain_guild
SHR,elephant_hunting_grounds hand_cannon_guild lacquerware_guild porcelain_guild
SHS,elephant_hunting_grounds hand_cannon_guild lacquerware_guild porcelain_guild
SIC,elephant_hunting_grounds hand_cannon_guild lacquerware_guild porcelain_guild
SIE,elephant_hunting_grounds hand_cannon_guild lacquerware_guild porcelain_guild
SIG,elephant_hunting_grounds hand_cannon_guild lacquerware_guild porcelain_guild
SIR,apothecary elephant_hunting_grounds lacquerware_guild porcelain_guild
SIT,elephant_hunting_grounds hand_cannon_guild lacquerware_guild porcelain_guild
SIZ,elephant_hunting_grounds hand_cannon_guild lacquerware_guild porcelain_guild
SKE,elephant_hunting_grounds hand_cannon_guild lacquerware_guild porcelain_guild
SKI,elephant_hunting_grounds hand_cannon_guild lacquerware_guild porcelain_guild
SKK,apothecary elephant_hunting_grounds hand_cannon_guild lacquerware_guild porcelain_guild
SKN,elephant_hunting_grounds hand_cannon_guild lacquerware_guild porcelain_guild
SKT,elephant_hunting_grounds hand_cannon_guild lacquerware_guild porcelain_guild
SKY,elephant_hunting_grounds hand_cannon_guild lacquerware_guild porcelain_guild
SLA,elephant_hunting_grounds hand_cannon_guild lacquerware_guild porcelain_guild
SLD,elephant_hunting_grounds hand_cannon_guild lacquerware_guild porcelain_guild
SLI,elephant_hunting_grounds hand_cannon_guild lacquerware_guild porcelain_guild
SLM,elephant_hunting_grounds hand_cannon_guild lacquerware_guild porcelain_guild
SLN,apothecary elephant_hunting_grounds hand_cannon_guild lacquerware_guild porcelain_guild
SLP,elephant_hunting_grounds hand_cannon_guild lacquerware_guild porcelain_guild
SLT,elephant_hunting_grounds hand_cannon_guild lacquerware_guild porcelain_guild
SLV,elephant_hunting_grounds hand_cannon_guild lacquerware_guild porcelain_guild
SLZ,elephant_hunting_grounds hand_cannon_guild lacquerware_guild porcelain_guild
SMA,elephant_hunting_grounds hand_cannon_guild lacquerware_guild porcelain_guild
SMB,elephant_hunting_grounds hand_cannon_guild lacquerware_guild porcelain_guild
SMD,elephant_hunting_grounds hand_cannon_guild lacquerware_guild porcelain_guild
SME,elephant_hunting_grounds hand_cannon_guild lacquerware_guild porcelain_guild
SMG,elephant_hunting_grounds lacquerware_guild porcelain_guild
SML,elephant_hunting_grounds hand_cannon_guild lacquerware_guild porcelain_guild
SMN,RGO_building_alum RGO_building_coal RGO_building_iron RGO_building_saltpeter apothecary bog_iron_smelter elephant_hunting_grounds lacquerware_guild local_smelters porcelain_guild
SMO,elephant_hunting_grounds hand_cannon_guild lacquerware_guild porcelain_guild
SMS,elephant_hunting_grounds hand_cannon_guild lacquerware_guild porcelain_guild
SMV,elephant_hunting_grounds hand_cannon_guild lacquerware_guild porcelain_guild
SNC,apothecary elephant_hunting_grounds lacquerware_guild porcelain_guild
SND,elephant_hunting_grounds hand_cannon_guild lacquerware_guild porcelain_guild
SNG,elephant_hunting_grounds hand_cannon_guild lacquerware_guild porcelain_guild
SNP,apothecary elephant_hunting_grounds lacquerware_guild porcelain_guild
SNT,RGO_building_alum RGO_building_coal RGO_building_horses RGO_building_iron RGO_building_saltpeter apothecary bog_iron_smelter elephant_hunting_grounds hand_cannon_guild lacquerware_guild local_smelters porcelain_guild
SOH,elephant_hunting_grounds hand_cannon_guild lacquerware_guild porcelain_guild
SON,elephant_hunting_grounds hand_cannon_guild lacquerware_guild porcelain_guild
SOR,elephant_hunting_grounds hand_cannon_guild lacquerware_guild porcelain_guild
SPB,elephant_hunting_grounds hand_cannon_guild lacquerware_guild porcelain_guild
SPG,elephant_hunting_grounds lacquerware_guild porcelain_guild
SPN,elephant_hunting_grounds hand_cannon_guild lacquerware_guild porcelain_guild
SPO,elephant_hunting_grounds hand_cannon_guild lacquerware_guild porcelain_guild
SPY,elephant_hunting_grounds hand_cannon_guild lacquerware_guild porcelain_guild
SRA,RGO_building_alum RGO_building_coal RGO_building_horses RGO_building_iron RGO_building_saltpeter apothecary bog_iron_smelter elephant_hunting_grounds hand_cannon_guild lacquerware_guild local_smelters porcelain_guild
SRB,elephant_hunting_grounds hand_cannon_guild lacquerware_guild porcelain_guild
SRC,elephant_hunting_grounds hand_cannon_guild lacquerware_guild porcelain_guild
SRG,elephant_hunting_grounds hand_cannon_guild lacquerware_guild porcelain_guild
SRL,elephant_hunting_grounds lacquerware_guild porcelain_guild
SRM,elephant_hunting_grounds hand_cannon_guild lacquerware_guild porcelain_guild
SRU,elephant_hunting_grounds hand_cannon_guild lacquerware_guild porcelain_guild
SRV,elephant_hunting_grounds hand_cannon_guild lacquerware_guild porcelain_guild
SSG,elephant_hunting_grounds lacquerware_guild porcelain_guild
SSI,elephant_hunting_grounds hand_cannon_guild lacquerware_guild porcelain_guild
SSK,elephant_hunting_grounds hand_cannon_guild lacquerware_guild porcelain_guild
STE,elephant_hunting_grounds hand_cannon_guild lacquerware_guild porcelain_guild
STG,elephant_hunting_grounds hand_cannon_guild lacquerware_guild porcelain_guild
STN,elephant_hunting_grounds hand_cannon_guild lacquerware_guild porcelain_guild
STP,elephant_hunting_grounds hand_cannon_guild lacquerware_guild porcelain_guild
STR,elephant_hunting_grounds hand_cannon_guild lacquerware_guild porcelain_guild
STS,elephant_hunting_grounds hand_cannon_guild lacquerware_guild porcelain_guild
STV,elephant_hunting_grounds hand_cannon_guild lacquerware_guild porcelain_guild
STZ,elephant_hunting_grounds hand_cannon_guild lacquerware_guild porcelain_guild
SUI,apothecary elephant_hunting_grounds lacquerware_guild porcelain_guild
SUK,elephant_hunting_grounds hand_cannon_guild lacquerware_guild porcelain_guild
SUL,elephant_hunting_grounds hand_cannon_guild lacquerware_guild porcelain_guild
SUN,elephant_hunting_grounds hand_cannon_guild lacquerware_guild porcelain_guild
SUR,RGO_building_alum RGO_building_coal RGO_building_horses RGO_building_iron RGO_building_saltpeter apothecary bog_iron_smelter elephant_hunting_grounds hand_cannon_guild lacquerware_guild local_smelters porcelain_guild
SUT,elephant_hunting_grounds hand_cannon_guild lacquerware_guild porcelain_guild
SWB,elephant_hunting_grounds hand_cannon_guild lacquerware_guild porcelain_guild
SWD,elephant_hunting_grounds hand_cannon_guild lacquerware_guild porcelain_guild
SWE,elephant_hunting_grounds hand_cannon_guild lacquerware_guild porcelain_guild
SWH,elephant_hunting_grounds hand_cannon_guild lacquerware_guild porcelain_guild
SWR,elephant_hunting_grounds hand_cannon_guild lacquerware_guild porcelain_guild
SWT,elephant_hunting_grounds hand_cannon_guild lacquerware_guild porcelain_guild
SWZ,elephant_hunting_grounds hand_cannon_guild lacquerware_guild porcelain_guild
SXI,elephant_hunting_grounds lacquerware_guild porcelain_guild
SYE,elephant_hunting_grounds hand_cannon_guild lacquerware_guild porcelain_guild
SYG,elephant_hunting_grounds
SYN,elephant_hunting_grounds hand_cannon_guild lacquerware_guild porcelain_guild
SYU,elephant_hunting_grounds hand_cannon_guild lacquerware_guild porcelain_guild
SYY,elephant_hunting_grounds hand_cannon_guild lacquerware_guild porcelain_guild
SYZ,elephant_hunting_grounds hand_cannon_guild lacquerware_guild porcelain_guild
SZG,elephant_hunting_grounds lacquerware_guild porcelain_guild
SZH,elephant_hunting_grounds lacquerware_guild porcelain_guild
SZI,elephant_hunting_grounds lacquerware_guild porcelain_guild
SZL,elephant_hunting_grounds hand_cannon_guild lacquerware_guild porcelain_guild
SZU,elephant_hunting_grounds lacquerware_guild porcelain_guild
TAA,RGO_building_alum RGO_building_coal RGO_building_horses RGO_building_iron RGO_building_saltpeter apothecary bog_iron_smelter elephant_hunting_grounds hand_cannon_guild lacquerware_guild local_smelters porcelain_guild
TAI,RGO_building_alum RGO_building_coal RGO_building_copper RGO_building_goods_gold RGO_building_horses RGO_building_iron RGO_building_lead RGO_building_legumes RGO_building_marble RGO_building_mercury RGO_building_saltpeter RGO_building_silver RGO_building_stone RGO_building_tin RGO_building_wheat apothecary bog_iron_smelter elephant_hunting_grounds hand_cannon_guild lacquerware_guild local_smelters paper_guild porcelain_guild scriptorium tools_guild weapon_guild windmill
TAO,RGO_building_alum RGO_building_coal RGO_building_horses RGO_building_iron RGO_building_saltpeter apothecary bog_iron_smelter elephant_hunting_grounds hand_cannon_guild lacquerware_guild local_smelters paper_guild porcelain_guild scriptorium
TAR,RGO_building_alum RGO_building_coal RGO_building_horses RGO_building_iron RGO_building_saltpeter apothecary bog_iron_smelter elephant_hunting_grounds hand_cannon_guild lacquerware_guild local_smelters porcelain_guild
TAS,apothecary elephant_hunting_grounds lacquerware_guild porcelain_guild
TAT,elephant_hunting_grounds hand_cannon_guild lacquerware_guild porcelain_guild
TAX,RGO_building_alum RGO_building_coal RGO_building_horses RGO_building_iron RGO_building_saltpeter apothecary bog_iron_smelter elephant_hunting_grounds hand_cannon_guild lacquerware_guild local_smelters porcelain_guild
TAZ,apothecary elephant_hunting_grounds lacquerware_guild porcelain_guild
TBA,elephant_hunting_grounds hand_cannon_guild lacquerware_guild porcelain_guild
TCC,RGO_building_alum RGO_building_coal RGO_building_horses RGO_building_iron RGO_building_saltpeter apothecary bog_iron_smelter elephant_hunting_grounds hand_cannon_guild lacquerware_guild local_smelters porcelain_guild
TCH,RGO_building_alum RGO_building_coal RGO_building_horses RGO_building_iron RGO_building_saltpeter apothecary bog_iron_smelter elephant_hunting_grounds hand_cannon_guild lacquerware_guild local_smelters porcelain_guild
TCK,elephant_hunting_grounds hand_cannon_guild lacquerware_guild porcelain_guild
TCP,RGO_building_alum RGO_building_coal RGO_building_horses RGO_building_iron RGO_building_saltpeter apothecary bog_iron_smelter elephant_hunting_grounds hand_cannon_guild lacquerware_guild local_smelters porcelain_guild
TCQ,RGO_building_alum RGO_building_coal RGO_building_horses RGO_building_iron RGO_building_saltpeter apothecary bog_iron_smelter elephant_hunting_grounds hand_cannon_guild lacquerware_guild local_smelters porcelain_guild
TCY,RGO_building_alum RGO_building_coal RGO_building_horses RGO_building_iron RGO_building_saltpeter apothecary bog_iron_smelter elephant_hunting_grounds hand_cannon_guild lacquerware_guild local_smelters porcelain_guild
TDE,elephant_hunting_grounds hand_cannon_guild lacquerware_guild porcelain_guild
TDG,elephant_hunting_grounds hand_cannon_guild lacquerware_guild porcelain_guild
TDJ,elephant_hunting_grounds hand_cannon_guild lacquerware_guild porcelain_guild
TDO,elephant_hunting_grounds hand_cannon_guild lacquerware_guild porcelain_guild
TEE,RGO_building_alum RGO_building_coal RGO_building_horses RGO_building_iron RGO_building_saltpeter apothecary bog_iron_smelter elephant_hunting_grounds hand_cannon_guild lacquerware_guild local_smelters porcelain_guild
TEK,elephant_hunting_grounds hand_cannon_guild lacquerware_guild porcelain_guild
TEL,RGO_building_alum RGO_building_coal RGO_building_horses RGO_building_iron RGO_building_saltpeter apothecary bog_iron_smelter elephant_hunting_grounds hand_cannon_guild lacquerware_guild local_smelters porcelain_guild
TEM,elephant_hunting_grounds hand_cannon_guild lacquerware_guild porcelain_guild
TEN,RGO_building_alum RGO_building_coal RGO_building_copper RGO_building_goods_gold RGO_building_horses RGO_building_iron RGO_building_lead RGO_building_legumes RGO_building_marble RGO_building_mercury RGO_building_saltpeter RGO_building_silver RGO_building_stone RGO_building_tin RGO_building_wheat apothecary bog_iron_smelter elephant_hunting_grounds hand_cannon_guild lacquerware_guild local_smelters paper_guild porcelain_guild scriptorium tools_guild weapon_guild windmill
TEO,RGO_building_alum RGO_building_coal RGO_building_horses RGO_building_iron RGO_building_saltpeter apothecary bog_iron_smelter elephant_hunting_grounds hand_cannon_guild lacquerware_guild local_smelters porcelain_guild
TEP,RGO_building_alum RGO_building_coal RGO_building_horses RGO_building_iron RGO_building_saltpeter apothecary bog_iron_smelter elephant_hunting_grounds hand_cannon_guild lacquerware_guild local_smelters porcelain_guild
TER,elephant_hunting_grounds hand_cannon_guild lacquerware_guild porcelain_guild
TES,elephant_hunting_grounds hand_cannon_guild lacquerware_guild porcelain_guild
TEU,elephant_hunting_grounds hand_cannon_guild lacquerware_guild porcelain_guild
TEY,RGO_building_alum RGO_building_coal RGO_building_horses RGO_building_iron RGO_building_saltpeter apothecary bog_iron_smelter elephant_hunting_grounds hand_cannon_guild lacquerware_guild local_smelters paper_guild porcelain_guild scriptorium
TFK,elephant_hunting_grounds hand_cannon_guild lacquerware_guild porcelain_guild
TFL,elephant_hunting_grounds hand_cannon_guild lacquerware_guild porcelain_guild
TGG,elephant_hunting_grounds hand_cannon_guild lacquerware_guild porcelain_guild
TGH,apothecary elephant_hunting_grounds hand_cannon_guild lacquerware_guild porcelain_guild
TGR,elephant_hunting_grounds lacquerware_guild porcelain_guild
TGT,elephant_hunting_grounds hand_cannon_guild lacquerware_guild porcelain_guild
TGY,elephant_hunting_grounds lacquerware_guild porcelain_guild
THD,elephant_hunting_grounds hand_cannon_guild lacquerware_guild porcelain_guild
THO,apothecary elephant_hunting_grounds hand_cannon_guild lacquerware_guild porcelain_guild
THP,elephant_hunting_grounds hand_cannon_guild lacquerware_guild porcelain_guild
THT,RGO_building_alum RGO_building_coal RGO_building_horses RGO_building_iron RGO_building_saltpeter apothecary bog_iron_smelter elephant_hunting_grounds hand_cannon_guild lacquerware_guild local_smelters paper_guild porcelain_guild scriptorium
THU,elephant_hunting_grounds hand_cannon_guild lacquerware_guild porcelain_guild
TIB,elephant_hunting_grounds lacquerware_guild porcelain_guild
TID,elephant_hunting_grounds hand_cannon_guild lacquerware_guild porcelain_guild
TIR,elephant_hunting_grounds hand_cannon_guild lacquerware_guild porcelain_guild
TJP,elephant_hunting_grounds hand_cannon_guild lacquerware_guild porcelain_guild
TKR,elephant_hunting_grounds hand_cannon_guild lacquerware_guild porcelain_guild
TKU,elephant_hunting_grounds hand_cannon_guild lacquerware_guild porcelain_guild
TLA,RGO_building_alum RGO_building_coal RGO_building_horses RGO_building_iron RGO_building_saltpeter apothecary bog_iron_smelter elephant_hunting_grounds hand_cannon_guild lacquerware_guild local_smelters porcelain_guild
TLE,elephant_hunting_grounds hand_cannon_guild lacquerware_guild porcelain_guild
TLL,RGO_building_alum RGO_building_coal RGO_building_horses RGO_building_iron RGO_building_saltpeter apothecary bog_iron_smelter elephant_hunting_grounds hand_cannon_guild lacquerware_guild local_smelters porcelain_guild
TLM,elephant_hunting_grounds hand_cannon_guild lacquerware_guild porcelain_guild
TLO,RGO_building_alum RGO_building_coal RGO_building_horses RGO_building_iron RGO_building_saltpeter apothecary bog_iron_smelter elephant_hunting_grounds hand_cannon_guild lacquerware_guild local_smelters porcelain_guild
TLP,RGO_building_alum RGO_building_coal RGO_building_horses RGO_building_iron RGO_building_saltpeter apothecary bog_iron_smelter elephant_hunting_grounds hand_cannon_guild lacquerware_guild local_smelters porcelain_guild
TLQ,RGO_building_alum RGO_building_coal RGO_building_horses RGO_building_iron RGO_building_saltpeter apothecary bog_iron_smelter elephant_hunting_grounds hand_cannon_guild lacquerware_guild local_smelters porcelain_guild
TLT,RGO_building_alum RGO_building_coal RGO_building_horses RGO_building_iron RGO_building_saltpeter apothecary bog_iron_smelter elephant_hunting_grounds hand_cannon_guild lacquerware_guild local_smelters porcelain_guild
TLW,elephant_hunting_grounds hand_cannon_guild lacquerware_guild porcelain_guild
TLX,RGO_building_alum RGO_building_coal RGO_building_horses RGO_building_iron RGO_building_saltpeter apothecary bog_iron_smelter elephant_hunting_grounds hand_cannon_guild lacquerware_guild local_smelters porcelain_guild
TLY,RGO_building_alum RGO_building_coal RGO_building_horses RGO_building_iron RGO_building_saltpeter apothecary bog_iron_smelter elephant_hunting_grounds hand_cannon_guild lacquerware_guild local_smelters porcelain_guild
TLZ,RGO_building_alum RGO_building_coal RGO_building_horses RGO_building_iron RGO_building_saltpeter apothecary bog_iron_smelter elephant_hunting_grounds hand_cannon_guild lacquerware_guild local_smelters porcelain_guild
TMK,RGO_building_alum RGO_building_coal RGO_building_copper RGO_building_goods_gold RGO_building_horses RGO_building_iron RGO_building_lead RGO_building_legumes RGO_building_marble RGO_building_mercury RGO_building_saltpeter RGO_building_silver RGO_building_stone RGO_building_tin RGO_building_wheat apothecary bog_iron_smelter elephant_hunting_grounds hand_cannon_guild lacquerware_guild local_smelters paper_guild porcelain_guild scriptorium tools_guild weapon_guild windmill
TMN,elephant_hunting_grounds lacquerware_guild porcelain_guild
TMS,RGO_building_alum RGO_building_coal RGO_building_horses RGO_building_iron RGO_building_saltpeter apothecary bog_iron_smelter elephant_hunting_grounds hand_cannon_guild lacquerware_guild local_smelters porcelain_guild
TMT,RGO_building_alum RGO_building_coal RGO_building_horses RGO_building_iron RGO_building_saltpeter apothecary bog_iron_smelter elephant_hunting_grounds hand_cannon_guild lacquerware_guild local_smelters porcelain_guild
TNC,RGO_building_alum RGO_building_coal RGO_building_horses RGO_building_iron RGO_building_saltpeter apothecary bog_iron_smelter elephant_hunting_grounds hand_cannon_guild lacquerware_guild local_smelters porcelain_guild
TNG,elephant_hunting_grounds hand_cannon_guild lacquerware_guild porcelain_guild
TNK,elephant_hunting_grounds hand_cannon_guild lacquerware_guild porcelain_guild
TNL,RGO_building_alum RGO_building_coal RGO_building_horses RGO_building_iron RGO_building_saltpeter apothecary bog_iron_smelter elephant_hunting_grounds hand_cannon_guild lacquerware_guild local_smelters porcelain_guild
TNN,RGO_building_alum RGO_building_coal RGO_building_horses RGO_building_iron RGO_building_saltpeter apothecary bog_iron_smelter elephant_hunting_grounds hand_cannon_guild lacquerware_guild local_smelters paper_guild porcelain_guild scriptorium
TNP,elephant_hunting_grounds lacquerware_guild porcelain_guild
TNQ,apothecary elephant_hunting_grounds lacquerware_guild porcelain_guild
TNT,elephant_hunting_grounds hand_cannon_guild lacquerware_guild porcelain_guild
TNX,RGO_building_alum RGO_building_coal RGO_building_horses RGO_building_iron RGO_building_saltpeter apothecary bog_iron_smelter elephant_hunting_grounds hand_cannon_guild lacquerware_guild local_smelters porcelain_guild
TNZ,elephant_hunting_grounds lacquerware_guild porcelain_guild
TOD,apothecary elephant_hunting_grounds lacquerware_guild porcelain_guild
TOG,RGO_building_alum RGO_building_coal RGO_building_horses RGO_building_iron RGO_building_saltpeter apothecary bog_iron_smelter elephant_hunting_grounds hand_cannon_guild lacquerware_guild local_smelters paper_guild porcelain_guild scriptorium
TOH,RGO_building_alum RGO_building_coal RGO_building_horses RGO_building_iron RGO_building_saltpeter apothecary bog_iron_smelter elephant_hunting_grounds hand_cannon_guild lacquerware_guild local_smelters porcelain_guild
TON,elephant_hunting_grounds hand_cannon_guild lacquerware_guild porcelain_guild
TOT,RGO_building_alum RGO_building_coal RGO_building_horses RGO_building_iron RGO_building_saltpeter apothecary bog_iron_smelter elephant_hunting_grounds hand_cannon_guild lacquerware_guild local_smelters porcelain_guild
TOX,apothecary elephant_hunting_grounds lacquerware_guild porcelain_guild
TOZ,RGO_building_alum RGO_building_coal RGO_building_horses RGO_building_iron RGO_building_saltpeter apothecary bog_iron_smelter elephant_hunting_grounds hand_cannon_guild lacquerware_guild local_smelters porcelain_guild
TPG,elephant_hunting_grounds lacquerware_guild porcelain_guild
TPL,RGO_building_alum RGO_building_coal RGO_building_horses RGO_building_iron RGO_building_saltpeter apothecary bog_iron_smelter elephant_hunting_grounds hand_cannon_guild lacquerware_guild local_smelters paper_guild porcelain_guild scriptorium
TPN,RGO_building_alum RGO_building_coal RGO_building_horses RGO_building_iron RGO_building_saltpeter apothecary bog_iron_smelter elephant_hunting_grounds hand_cannon_guild lacquerware_guild local_smelters porcelain_guild
TPS,elephant_hunting_grounds hand_cannon_guild lacquerware_guild porcelain_guild
TPT,RGO_building_alum RGO_building_coal RGO_building_horses RGO_building_iron RGO_building_saltpeter apothecary bog_iron_smelter elephant_hunting_grounds hand_cannon_guild lacquerware_guild local_smelters porcelain_guild
TPX,RGO_building_alum RGO_building_coal RGO_building_horses RGO_building_iron RGO_building_saltpeter apothecary bog_iron_smelter elephant_hunting_grounds hand_cannon_guild lacquerware_guild local_smelters porcelain_guild
TPY,RGO_building_alum RGO_building_coal RGO_building_horses RGO_building_iron RGO_building_saltpeter apothecary bog_iron_smelter elephant_hunting_grounds hand_cannon_guild lacquerware_guild local_smelters porcelain_guild
TRB,elephant_hunting_grounds hand_cannon_guild lacquerware_guild porcelain_guild
TRE,elephant_hunting_grounds hand_cannon_guild lacquerware_guild porcelain_guild
TRF,elephant_hunting_grounds hand_cannon_guild lacquerware_guild porcelain_guild
TRH,elephant_hunting_grounds lacquerware_guild porcelain_guild
TRI,elephant_hunting_grounds hand_cannon_guild lacquerware_guild porcelain_guild
TRK,elephant_hunting_grounds hand_cannon_guild lacquerware_guild porcelain_guild
TRN,elephant_hunting_grounds hand_cannon_guild lacquerware_guild porcelain_guild
TRP,elephant_hunting_grounds hand_cannon_guild lacquerware_guild porcelain_guild
TRS,elephant_hunting_grounds hand_cannon_guild lacquerware_guild porcelain_guild
TRY,apothecary elephant_hunting_grounds hand_cannon_guild lacquerware_guild porcelain_guild
TSE,RGO_building_alum RGO_building_coal RGO_building_horses RGO_building_iron RGO_building_saltpeter apothecary bog_iron_smelter elephant_hunting_grounds hand_cannon_guild lacquerware_guild local_smelters porcelain_guild
TSK,apothecary elephant_hunting_grounds lacquerware_guild porcelain_guild
TSM,elephant_hunting_grounds hand_cannon_guild lacquerware_guild porcelain_guild
TST,RGO_building_alum RGO_building_coal RGO_building_horses RGO_building_iron RGO_building_saltpeter apothecary bog_iron_smelter elephant_hunting_grounds hand_cannon_guild lacquerware_guild local_smelters paper_guild porcelain_guild scriptorium
TTA,RGO_building_alum RGO_building_coal RGO_building_horses RGO_building_iron RGO_building_saltpeter apothecary bog_iron_smelter elephant_hunting_grounds hand_cannon_guild lacquerware_guild local_smelters porcelain_guild
TTC,RGO_building_alum RGO_building_coal RGO_building_horses RGO_building_iron RGO_building_saltpeter apothecary bog_iron_smelter elephant_hunting_grounds hand_cannon_guild lacquerware_guild local_smelters porcelain_guild
TTE,elephant_hunting_grounds hand_cannon_guild lacquerware_guild porcelain_guild
TTN,elephant_hunting_grounds hand_cannon_guild lacquerware_guild porcelain_guild
TTZ,RGO_building_alum RGO_building_coal RGO_building_horses RGO_building_iron RGO_building_saltpeter apothecary bog_iron_smelter elephant_hunting_grounds hand_cannon_guild lacquerware_guild local_smelters porcelain_guild
TUB,elephant_hunting_grounds hand_cannon_guild lacquerware_guild porcelain_guild
TUL,elephant_hunting_grounds hand_cannon_guild lacquerware_guild porcelain_guild
TUN,elephant_hunting_grounds hand_cannon_guild lacquerware_guild porcelain_guild
TUR,elephant_hunting_grounds hand_cannon_guild lacquerware_guild porcelain_guild
TUT,RGO_building_alum RGO_building_coal RGO_building_horses RGO_building_iron RGO_building_saltpeter apothecary bog_iron_smelter elephant_hunting_grounds hand_cannon_guild lacquerware_guild local_smelters porcelain_guild
TUV,elephant_hunting_grounds hand_cannon_guild lacquerware_guild porcelain_guild
TUZ,RGO_building_alum RGO_building_coal RGO_building_horses RGO_building_iron RGO_building_saltpeter apothecary bog_iron_smelter elephant_hunting_grounds hand_cannon_guild lacquerware_guild local_smelters porcelain_guild
TVE,elephant_hunting_grounds hand_cannon_guild lacquerware_guild porcelain_guild
TVS,elephant_hunting_grounds hand_cannon_guild lacquerware_guild porcelain_guild
TWI,elephant_hunting_grounds hand_cannon_guild lacquerware_guild porcelain_guild
TXI,elephant_hunting_grounds lacquerware_guild porcelain_guild
TXP,RGO_building_alum RGO_building_coal RGO_building_horses RGO_building_iron RGO_building_saltpeter apothecary bog_iron_smelter elephant_hunting_grounds hand_cannon_guild lacquerware_guild local_smelters porcelain_guild
TYR,apothecary elephant_hunting_grounds hand_cannon_guild lacquerware_guild porcelain_guild
TYY,RGO_building_alum RGO_building_coal RGO_building_iron RGO_building_saltpeter bog_iron_smelter elephant_hunting_grounds hand_cannon_guild lacquerware_guild local_smelters porcelain_guild
TZC,RGO_building_alum RGO_building_coal RGO_building_horses RGO_building_iron RGO_building_saltpeter apothecary bog_iron_smelter elephant_hunting_grounds hand_cannon_guild lacquerware_guild local_smelters porcelain_guild
TZE,RGO_building_alum RGO_building_coal RGO_building_copper RGO_building_goods_gold RGO_building_horses RGO_building_iron RGO_building_lead RGO_building_legumes RGO_building_marble RGO_building_mercury RGO_building_saltpeter RGO_building_silver RGO_building_stone RGO_building_tin RGO_building_wheat apothecary bog_iron_smelter elephant_hunting_grounds hand_cannon_guild lacquerware_guild local_smelters paper_guild porcelain_guild scriptorium tools_guild weapon_guild windmill
TZH,RGO_building_alum RGO_building_coal RGO_building_horses RGO_building_iron RGO_building_saltpeter apothecary bog_iron_smelter elephant_hunting_grounds hand_cannon_guild lacquerware_guild local_smelters porcelain_guild
TZI,RGO_building_alum RGO_building_coal RGO_building_horses RGO_building_iron RGO_building_saltpeter apothecary bog_iron_smelter elephant_hunting_grounds hand_cannon_guild lacquerware_guild local_smelters porcelain_guild
TZL,RGO_building_alum RGO_building_coal RGO_building_horses RGO_building_iron RGO_building_saltpeter apothecary bog_iron_smelter elephant_hunting_grounds hand_cannon_guild lacquerware_guild local_smelters porcelain_guild
TZM,RGO_building_alum RGO_building_coal RGO_building_horses RGO_building_iron RGO_building_saltpeter apothecary bog_iron_smelter elephant_hunting_grounds hand_cannon_guild lacquerware_guild local_smelters porcelain_guild
TZP,RGO_building_alum RGO_building_coal RGO_building_horses RGO_building_iron RGO_building_saltpeter apothecary bog_iron_smelter elephant_hunting_grounds hand_cannon_guild lacquerware_guild local_smelters porcelain_guild
TZU,RGO_building_alum RGO_building_coal RGO_building_horses RGO_building_iron RGO_building_saltpeter apothecary bog_iron_smelter elephant_hunting_grounds hand_cannon_guild lacquerware_guild local_smelters porcelain_guild
TZZ,RGO_building_alum RGO_building_coal RGO_building_horses RGO_building_iron RGO_building_saltpeter apothecary bog_iron_smelter elephant_hunting_grounds hand_cannon_guild lacquerware_guild local_smelters porcelain_guild
UAU,RGO_building_alum RGO_building_coal RGO_building_horses RGO_building_iron RGO_building_saltpeter apothecary bog_iron_smelter elephant_hunting_grounds hand_cannon_guild lacquerware_guild local_smelters porcelain_guild
UAY,RGO_building_alum RGO_building_coal RGO_building_horses RGO_building_iron RGO_building_saltpeter apothecary bog_iron_smelter elephant_hunting_grounds hand_cannon_guild lacquerware_guild local_smelters porcelain_guild
UBL,elephant_hunting_grounds hand_cannon_guild lacquerware_guild porcelain_guild
UBV,elephant_hunting_grounds hand_cannon_guild lacquerware_guild porcelain_guild
UFF,elephant_hunting_grounds hand_cannon_guild lacquerware_guild porcelain_guild
UGH,elephant_hunting_grounds hand_cannon_guild lacquerware_guild porcelain_guild
UGL,elephant_hunting_grounds hand_cannon_guild lacquerware_guild porcelain_guild
UGW,elephant_hunting_grounds hand_cannon_guild lacquerware_guild porcelain_guild
UJJ,elephant_hunting_grounds hand_cannon_guild lacquerware_guild porcelain_guild
ULM,elephant_hunting_grounds hand_cannon_guild lacquerware_guild porcelain_guild
ULS,elephant_hunting_grounds hand_cannon_guild lacquerware_guild porcelain_guild
UMA,RGO_building_alum RGO_building_coal RGO_building_horses RGO_building_iron RGO_building_saltpeter apothecary bog_iron_smelter elephant_hunting_grounds hand_cannon_guild lacquerware_guild local_smelters porcelain_guild
UMH,apothecary elephant_hunting_grounds hand_cannon_guild lacquerware_guild porcelain_guild
URB,elephant_hunting_grounds hand_cannon_guild lacquerware_guild porcelain_guild
URC,RGO_building_alum RGO_building_coal RGO_building_horses RGO_building_iron RGO_building_saltpeter apothecary bog_iron_smelter elephant_hunting_grounds hand_cannon_guild lacquerware_guild local_smelters porcelain_guild
URI,elephant_hunting_grounds hand_cannon_guild lacquerware_guild porcelain_guild
USS,RGO_building_alum RGO_building_coal RGO_building_iron RGO_building_saltpeter apothecary bog_iron_smelter elephant_hunting_grounds lacquerware_guild local_smelters porcelain_guild
UTB,elephant_hunting_grounds hand_cannon_guild lacquerware_guild porcelain_guild
UTR,elephant_hunting_grounds hand_cannon_guild lacquerware_guild porcelain_guild
VBG,elephant_hunting_grounds hand_cannon_guild lacquerware_guild porcelain_guild
VBK,elephant_hunting_grounds hand_cannon_guild lacquerware_guild porcelain_guild
VDK,elephant_hunting_grounds hand_cannon_guild lacquerware_guild porcelain_guild
VDM,elephant_hunting_grounds hand_cannon_guild lacquerware_guild porcelain_guild
VDU,elephant_hunting_grounds hand_cannon_guild lacquerware_guild porcelain_guild
VDZ,elephant_hunting_grounds hand_cannon_guild lacquerware_guild porcelain_guild
VEL,elephant_hunting_grounds hand_cannon_guild lacquerware_guild porcelain_guild
VEN,elephant_hunting_grounds hand_cannon_guild lacquerware_guild porcelain_guild
VER,elephant_hunting_grounds hand_cannon_guild lacquerware_guild porcelain_guild
VIJ,elephant_hunting_grounds hand_cannon_guild lacquerware_guild porcelain_guild
VLD,elephant_hunting_grounds hand_cannon_guild lacquerware_guild porcelain_guild
VLN,elephant_hunting_grounds hand_cannon_guild lacquerware_guild porcelain_guild
VLR,elephant_hunting_grounds hand_cannon_guild lacquerware_guild porcelain_guild
VLT,elephant_hunting_grounds hand_cannon_guild lacquerware_guild porcelain_guild
VNA,RGO_building_alum RGO_building_coal RGO_building_horses RGO_building_iron RGO_building_saltpeter bog_iron_smelter elephant_hunting_grounds hand_cannon_guild lacquerware_guild local_smelters porcelain_guild
VND,elephant_hunting_grounds hand_cannon_guild lacquerware_guild porcelain_guild
VNT,elephant_hunting_grounds hand_cannon_guild lacquerware_guild porcelain_guild
VOH,elephant_hunting_grounds hand_cannon_guild lacquerware_guild porcelain_guild
VOL,elephant_hunting_grounds hand_cannon_guild lacquerware_guild porcelain_guild
VRD,elephant_hunting_grounds hand_cannon_guild lacquerware_guild porcelain_guild
VTN,elephant_hunting_grounds hand_cannon_guild lacquerware_guild porcelain_guild
VUD,elephant_hunting_grounds hand_cannon_guild lacquerware_guild porcelain_guild
VUN,RGO_building_alum RGO_building_coal RGO_building_horses RGO_building_iron RGO_building_saltpeter bog_iron_smelter elephant_hunting_grounds hand_cannon_guild lacquerware_guild local_smelters porcelain_guild
VYA,elephant_hunting_grounds hand_cannon_guild lacquerware_guild porcelain_guild
VYT,elephant_hunting_grounds hand_cannon_guild lacquerware_guild porcelain_guild
WAL,elephant_hunting_grounds hand_cannon_guild lacquerware_guild porcelain_guild
WAR,elephant_hunting_grounds hand_cannon_guild lacquerware_guild porcelain_guild
WBG,elephant_hunting_grounds hand_cannon_guild lacquerware_guild porcelain_guild
WDB,elephant_hunting_grounds hand_cannon_guild lacquerware_guild porcelain_guild
WDE,elephant_hunting_grounds hand_cannon_guild lacquerware_guild porcelain_guild
WDG,elephant_hunting_grounds lacquerware_guild porcelain_guild
WEI,elephant_hunting_grounds hand_cannon_guild lacquerware_guild porcelain_guild
WEJ,apothecary elephant_hunting_grounds lacquerware_guild porcelain_guild
WEK,apothecary elephant_hunting_grounds lacquerware_guild porcelain_guild
WER,elephant_hunting_grounds hand_cannon_guild lacquerware_guild porcelain_guild
WGO,elephant_hunting_grounds hand_cannon_guild lacquerware_guild porcelain_guild
WHL,elephant_hunting_grounds hand_cannon_guild lacquerware_guild porcelain_guild
WIE,elephant_hunting_grounds hand_cannon_guild lacquerware_guild porcelain_guild
WLD,elephant_hunting_grounds hand_cannon_guild lacquerware_guild porcelain_guild
WLS,elephant_hunting_grounds hand_cannon_guild lacquerware_guild porcelain_guild
WMA,elephant_hunting_grounds hand_cannon_guild lacquerware_guild porcelain_guild
WMO,apothecary elephant_hunting_grounds lacquerware_guild porcelain_guild
WNA,RGO_building_alum RGO_building_coal RGO_building_horses RGO_building_iron RGO_building_saltpeter bog_iron_smelter elephant_hunting_grounds hand_cannon_guild lacquerware_guild local_smelters porcelain_guild
WNG,elephant_hunting_grounds lacquerware_guild porcelain_guild
WNT,elephant_hunting_grounds hand_cannon_guild lacquerware_guild porcelain_guild
WOL,elephant_hunting_grounds hand_cannon_guild lacquerware_guild porcelain_guild
WRC,elephant_hunting_grounds hand_cannon_guild lacquerware_guild porcelain_guild
WRG,elephant_hunting_grounds hand_cannon_guild lacquerware_guild porcelain_guild
WRM,elephant_hunting_grounds hand_cannon_guild lacquerware_guild porcelain_guild
WRN,elephant_hunting_grounds hand_cannon_guild lacquerware_guild porcelain_guild
WSA,elephant_hunting_grounds lacquerware_guild porcelain_guild
WTG,elephant_hunting_grounds hand_cannon_guild lacquerware_guild porcelain_guild
WTZ,elephant_hunting_grounds hand_cannon_guild lacquerware_guild porcelain_guild
WUN,elephant_hunting_grounds hand_cannon_guild lacquerware_guild porcelain_guild
WUR,elephant_hunting_grounds hand_cannon_guild lacquerware_guild porcelain_guild
WUY,apothecary elephant_hunting_grounds lacquerware_guild porcelain_guild
WZH,elephant_hunting_grounds lacquerware_guild porcelain_guild
XAL,RGO_building_alum RGO_building_coal RGO_building_horses RGO_building_iron RGO_building_saltpeter apothecary bog_iron_smelter elephant_hunting_grounds hand_cannon_guild lacquerware_guild local_smelters porcelain_guild
XAP,RGO_building_alum RGO_building_coal RGO_building_horses RGO_building_iron RGO_building_saltpeter apothecary bog_iron_smelter elephant_hunting_grounds hand_cannon_guild lacquerware_guild local_smelters porcelain_guild
XCG,elephant_hunting_grounds lacquerware_guild porcelain_guild
XCH,RGO_building_alum RGO_building_coal RGO_building_horses RGO_building_iron RGO_building_saltpeter apothecary bog_iron_smelter elephant_hunting_grounds hand_cannon_guild lacquerware_guild local_smelters porcelain_guild
XCP,RGO_building_alum RGO_building_coal RGO_building_horses RGO_building_iron RGO_building_saltpeter apothecary bog_iron_smelter elephant_hunting_grounds hand_cannon_guild lacquerware_guild local_smelters porcelain_guild
XCT,RGO_building_alum RGO_building_coal RGO_building_horses RGO_building_iron RGO_building_saltpeter apothecary bog_iron_smelter elephant_hunting_grounds hand_cannon_guild lacquerware_guild local_smelters porcelain_guild
XIC,RGO_building_alum RGO_building_coal RGO_building_horses RGO_building_iron RGO_building_saltpeter apothecary bog_iron_smelter elephant_hunting_grounds hand_cannon_guild lacquerware_guild local_smelters porcelain_guild
XIH,RGO_building_alum RGO_building_coal RGO_building_horses RGO_building_iron RGO_building_saltpeter apothecary bog_iron_smelter elephant_hunting_grounds hand_cannon_guild lacquerware_guild local_smelters porcelain_guild
XIL,RGO_building_alum RGO_building_coal RGO_building_horses RGO_building_iron RGO_building_saltpeter apothecary bog_iron_smelter elephant_hunting_grounds hand_cannon_guild lacquerware_guild local_smelters porcelain_guild
XIU,RGO_building_alum RGO_building_coal RGO_building_horses RGO_building_iron RGO_building_saltpeter apothecary bog_iron_smelter elephant_hunting_grounds hand_cannon_guild lacquerware_guild local_smelters porcelain_guild
XLG,elephant_hunting_grounds lacquerware_guild porcelain_guild
XLL,RGO_building_alum RGO_building_coal RGO_building_horses RGO_building_iron RGO_building_saltpeter apothecary bog_iron_smelter elephant_hunting_grounds hand_cannon_guild lacquerware_guild local_smelters porcelain_guild
XLT,RGO_building_alum RGO_building_coal RGO_building_horses RGO_building_iron RGO_building_saltpeter apothecary bog_iron_smelter elephant_hunting_grounds hand_cannon_guild lacquerware_guild local_smelters porcelain_guild
XNG,elephant_hunting_grounds lacquerware_guild porcelain_guild
XNL,elephant_hunting_grounds lacquerware_guild porcelain_guild
XOC,RGO_building_alum RGO_building_coal RGO_building_horses RGO_building_iron RGO_building_saltpeter apothecary bog_iron_smelter elephant_hunting_grounds hand_cannon_guild lacquerware_guild local_smelters porcelain_guild
XOL,RGO_building_alum RGO_building_coal RGO_building_copper RGO_building_goods_gold RGO_building_horses RGO_building_iron RGO_building_lead RGO_building_legumes RGO_building_marble RGO_building_mercury RGO_building_saltpeter RGO_building_silver RGO_building_stone RGO_building_tin RGO_building_wheat apothecary bog_iron_smelter elephant_hunting_grounds hand_cannon_guild lacquerware_guild local_smelters paper_guild porcelain_guild scriptorium tools_guild weapon_guild windmill
XSY,elephant_hunting_grounds lacquerware_guild porcelain_guild
YAH,RGO_building_alum RGO_building_coal RGO_building_horses RGO_building_iron RGO_building_saltpeter apothecary bog_iron_smelter elephant_hunting_grounds hand_cannon_guild lacquerware_guild local_smelters porcelain_guild
YAM,elephant_hunting_grounds hand_cannon_guild lacquerware_guild porcelain_guild
YAN,elephant_hunting_grounds lacquerware_guild porcelain_guild
YAP,RGO_building_alum RGO_building_coal RGO_building_horses RGO_building_iron RGO_building_saltpeter apothecary bog_iron_smelter elephant_hunting_grounds hand_cannon_guild lacquerware_guild local_smelters paper_guild porcelain_guild scriptorium
YAR,elephant_hunting_grounds hand_cannon_guild lacquerware_guild porcelain_guild
YAS,elephant_hunting_grounds hand_cannon_guild lacquerware_guild porcelain_guild
YAT,RGO_building_alum RGO_building_coal RGO_building_copper RGO_building_goods_gold RGO_building_horses RGO_building_iron RGO_building_lead RGO_building_legumes RGO_building_marble RGO_building_mercury RGO_building_saltpeter RGO_building_silver RGO_building_stone RGO_building_tin RGO_building_wheat apothecary bog_iron_smelter elephant_hunting_grounds hand_cannon_guild lacquerware_guild local_smelters paper_guild porcelain_guild scriptorium tools_guild weapon_guild windmill
YAU,RGO_building_alum RGO_building_coal RGO_building_copper RGO_building_goods_gold RGO_building_horses RGO_building_iron RGO_building_lead RGO_building_legumes RGO_building_marble RGO_building_mercury RGO_building_saltpeter RGO_building_silver RGO_building_stone RGO_building_tin RGO_building_wheat apothecary bog_iron_smelter elephant_hunting_grounds hand_cannon_guild lacquerware_guild local_smelters paper_guild porcelain_guild scriptorium tools_guild weapon_guild windmill
YCH,RGO_building_alum RGO_building_coal RGO_building_horses RGO_building_iron RGO_building_saltpeter apothecary bog_iron_smelter elephant_hunting_grounds hand_cannon_guild lacquerware_guild local_smelters porcelain_guild
YDR,elephant_hunting_grounds hand_cannon_guild lacquerware_guild porcelain_guild
YDZ,RGO_building_alum RGO_building_coal RGO_building_horses RGO_building_iron RGO_building_saltpeter apothecary bog_iron_smelter elephant_hunting_grounds hand_cannon_guild lacquerware_guild local_smelters paper_guild porcelain_guild scriptorium
YEM,elephant_hunting_grounds hand_cannon_guild lacquerware_guild porcelain_guild
YGS,elephant_hunting_grounds
YIM,apothecary elephant_hunting_grounds lacquerware_guild porcelain_guild
YJI,elephant_hunting_grounds lacquerware_guild porcelain_guild
YNG,apothecary elephant_hunting_grounds lacquerware_guild porcelain_guild
YNH,elephant_hunting_grounds lacquerware_guild porcelain_guild
YNJ,elephant_hunting_grounds lacquerware_guild porcelain_guild
YNL,elephant_hunting_grounds lacquerware_guild porcelain_guild
YNN,elephant_hunting_grounds lacquerware_guild porcelain_guild
YOH,RGO_building_alum RGO_building_coal RGO_building_horses RGO_building_iron RGO_building_saltpeter apothecary bog_iron_smelter elephant_hunting_grounds hand_cannon_guild lacquerware_guild local_smelters porcelain_guild
YOK,RGO_building_alum RGO_building_coal RGO_building_copper RGO_building_goods_gold RGO_building_horses RGO_building_iron RGO_building_lead RGO_building_legumes RGO_building_marble RGO_building_mercury RGO_building_saltpeter RGO_building_silver RGO_building_stone RGO_building_tin RGO_building_wheat apothecary bog_iron_smelter elephant_hunting_grounds hand_cannon_guild lacquerware_guild local_smelters paper_guild porcelain_guild scriptorium tools_guild weapon_guild windmill
YOO,RGO_building_alum RGO_building_coal RGO_building_iron RGO_building_saltpeter apothecary bog_iron_smelter elephant_hunting_grounds lacquerware_guild local_smelters porcelain_guild
YPZ,RGO_building_alum RGO_building_coal RGO_building_horses RGO_building_iron RGO_building_saltpeter apothecary bog_iron_smelter elephant_hunting_grounds hand_cannon_guild lacquerware_guild local_smelters porcelain_guild
YRN,apothecary elephant_hunting_grounds lacquerware_guild porcelain_guild
YRV,elephant_hunting_grounds hand_cannon_guild lacquerware_guild porcelain_guild
YSN,elephant_hunting_grounds lacquerware_guild porcelain_guild
YSU,elephant_hunting_grounds hand_cannon_guild lacquerware_guild porcelain_guild
YYG,elephant_hunting_grounds
YZO,elephant_hunting_grounds lacquerware_guild porcelain_guild
ZAB,elephant_hunting_grounds hand_cannon_guild lacquerware_guild porcelain_guild
ZAG,elephant_hunting_grounds hand_cannon_guild lacquerware_guild porcelain_guild
ZAM,RGO_building_alum RGO_building_coal RGO_building_iron RGO_building_saltpeter bog_iron_smelter elephant_hunting_grounds hand_cannon_guild lacquerware_guild local_smelters porcelain_guild
ZAN,elephant_hunting_grounds hand_cannon_guild lacquerware_guild porcelain_guild
ZAP,RGO_building_alum RGO_building_coal RGO_building_horses RGO_building_iron RGO_building_saltpeter apothecary bog_iron_smelter elephant_hunting_grounds hand_cannon_guild lacquerware_guild local_smelters paper_guild porcelain_guild scriptorium
ZAQ,RGO_building_alum RGO_building_coal RGO_building_copper RGO_building_goods_gold RGO_building_horses RGO_building_iron RGO_building_lead RGO_building_legumes RGO_building_marble RGO_building_mercury RGO_building_saltpeter RGO_building_silver RGO_building_stone RGO_building_tin RGO_building_wheat apothecary bog_iron_smelter elephant_hunting_grounds hand_cannon_guild lacquerware_guild local_smelters paper_guild porcelain_guild scriptorium tools_guild weapon_guild windmill
ZAT,RGO_building_alum RGO_building_coal RGO_building_horses RGO_building_iron RGO_building_saltpeter apothecary bog_iron_smelter elephant_hunting_grounds hand_cannon_guild lacquerware_guild local_smelters porcelain_guild
ZBR,elephant_hunting_grounds hand_cannon_guild lacquerware_guild porcelain_guild
ZCT,RGO_building_alum RGO_building_coal RGO_building_horses RGO_building_iron RGO_building_saltpeter apothecary bog_iron_smelter elephant_hunting_grounds hand_cannon_guild lacquerware_guild local_smelters porcelain_guild
ZCZ,RGO_building_alum RGO_building_coal RGO_building_horses RGO_building_iron RGO_building_saltpeter apothecary bog_iron_smelter elephant_hunting_grounds hand_cannon_guild lacquerware_guild local_smelters porcelain_guild
ZEE,elephant_hunting_grounds hand_cannon_guild lacquerware_guild porcelain_guild
ZFI,elephant_hunting_grounds hand_cannon_guild lacquerware_guild porcelain_guild
ZGH,elephant_hunting_grounds hand_cannon_guild lacquerware_guild porcelain_guild
ZGL,elephant_hunting_grounds
ZIB,elephant_hunting_grounds hand_cannon_guild lacquerware_guild porcelain_guild
ZIE,elephant_hunting_grounds hand_cannon_guild lacquerware_guild porcelain_guild
ZIG,elephant_hunting_grounds hand_cannon_guild lacquerware_guild porcelain_guild
ZIN,RGO_building_alum RGO_building_coal RGO_building_horses RGO_building_iron RGO_building_saltpeter apothecary bog_iron_smelter elephant_hunting_grounds hand_cannon_guild lacquerware_guild local_smelters porcelain_guild
ZIP,RGO_building_alum RGO_building_coal RGO_building_copper RGO_building_goods_gold RGO_building_horses RGO_building_iron RGO_building_lead RGO_building_legumes RGO_building_marble RGO_building_mercury RGO_building_saltpeter RGO_building_silver RGO_building_stone RGO_building_tin RGO_building_wheat apothecary bog_iron_smelter elephant_hunting_grounds hand_cannon_guild lacquerware_guild local_smelters paper_guild porcelain_guild scriptorium tools_guild weapon_guild windmill
ZLD,elephant_hunting_grounds lacquerware_guild porcelain_guild
ZMR,elephant_hunting_grounds hand_cannon_guild lacquerware_guild porcelain_guild
ZMW,elephant_hunting_grounds hand_cannon_guild lacquerware_guild porcelain_guild
ZNK,elephant_hunting_grounds lacquerware_guild porcelain_guild
ZNN,elephant_hunting_grounds lacquerware_guild porcelain_guild
ZNX,elephant_hunting_grounds lacquerware_guild porcelain_guild
ZNZ,elephant_hunting_grounds lacquerware_guild porcelain_guild
ZOM,RGO_building_alum RGO_building_coal RGO_building_horses RGO_building_iron RGO_building_saltpeter apothecary bog_iron_smelter elephant_hunting_grounds hand_cannon_guild lacquerware_guild local_smelters porcelain_guild
ZRQ,elephant_hunting_grounds hand_cannon_guild lacquerware_guild porcelain_guild
ZUB,elephant_hunting_grounds hand_cannon_guild lacquerware_guild porcelain_guild
ZUR,elephant_hunting_grounds hand_cannon_guild lacquerware_guild porcelain_guild
ZUT,elephant_hunting_grounds hand_cannon_guild lacquerware_guild porcelain_guild
ZWE,elephant_hunting_grounds hand_cannon_guild lacquerware_guild porcelain_guild
ZYI,elephant_hunting_grounds lacquerware_guild porcelain_guild
ZZB,elephant_hunting_grounds hand_cannon_guild lacquerware_guild porcelain_guild
ZZR,elephant_hunting_grounds hand_cannon_guild lacquerware_guild porcelain_guild
ZZZ,RGO_building_alum RGO_building_coal RGO_building_iron RGO_building_saltpeter bog_iron_smelter elephant_hunting_grounds hand_cannon_guild lacquerware_guild local_smelters porcelain_guild
